pdb_id,affinity
3nq3,3.78
4b5w,3.33
3uxl,5.57
6eog,5.8
6p89,5.01
1qbs,9.47
4u1b,5.31
4avj,7.44
3acx,5.7
5fut,6.45
5xo7,6.36
2dri,6.89
4q4q,5.79
4bt5,2.76
2jdu,6.72
6p87,4.6
4wn5,7.41
3su1,6.68
5fyx,4.16
5ko5,4.57
6hke,7.68
1b8y,7.85
6b4u,7.68
5ad1,7.24
4bj8,8.29
6gl8,8.61
3zhx,6.68
5zyg,5.21
1ndw,5.23
5lz7,6.28
1lee,7.74
4x50,7.75
4r4c,5.54
5hwv,5.07
4ndu,2.74
2i80,5.4
2o4j,10.1
5ult,10.85
3nhi,8.43
6t1m,5.21
4epy,3.47
5nau,7.52
3t2q,3.66
3e5u,5.85
3nu5,8.35
5j3l,4.8
1ajq,4.31
5ka7,4.35
1nl9,5.96
1ogz,5.85
1msn,9.09
1ajp,2.23
2doo,7.17
4kz3,2.77
5dgu,11.35
3zi8,5.66
4ynb,10.37
1srg,5.3
3lea,9.1
3o9p,6.52
2fzk,3.6
2q8z,5.68
6jbb,5.99
5cp5,5.91
1aid,4.82
4kwg,6.0
5eqy,8.0
2qdt,5.19
3pb7,5.74
1yvm,6.4
4b6o,7.0
3jup,5.58
3n7o,7.14
2xbw,8.0
2jf4,8.15
4cr5,4.15
1n51,4.85
2jdp,6.6
1f8d,3.4
1olx,4.33
6q4e,3.46
3ljg,7.73
4bt4,3.34
3zi0,7.4
1r9l,5.4
4fxq,5.77
6g29,4.33
4y3j,2.17
2vzr,4.28
3a6t,7.28
5hvt,7.26
3rt8,6.35
4yo8,10.52
4zow,4.12
3tcg,5.87
3pcj,7.22
2clh,4.06
1km3,4.91
4k55,5.51
2f8g,8.7
3gi5,11.22
6gvz,6.4
1hee,5.34
1ecq,3.0
3s45,8.49
2wyj,9.0
4u43,4.32
4hw3,6.49
4f6u,6.15
2yaz,5.14
1pzi,4.22
5fbi,2.8
2jg0,7.82
4qfp,4.23
3t09,3.8
5dxt,9.7
1jmg,6.07
2v2q,4.15
4i8w,10.9
2wyg,8.7
3wjw,3.87
4l51,3.0
3wz7,5.74
1bju,4.8
5o2d,5.68
5mrm,5.03
3pce,2.0
6d1h,3.72
5nvx,7.05
1fzq,7.62
3mv0,3.85
3nu4,8.82
6arn,5.19
6jap,4.8
4bps,2.99
6o5t,6.5
4aia,3.66
4cjp,3.32
5u6j,7.64
4bb9,6.0
4pb2,4.8
5btx,3.55
5zni,4.39
2b4l,4.77
1phw,3.3
3zq9,6.02
2y81,8.7
4css,8.46
5fs5,6.69
4u6c,5.0
5yh8,6.78
6fnq,4.59
6f9g,5.7
5fnu,8.89
1x39,9.22
6jay,5.7
1a9q,6.17
4bs0,5.7
5igm,7.38
3jrx,9.0
3lq2,5.22
2vl4,6.01
4av4,7.03
6dy7,4.18
2zz2,4.54
1u1w,5.85
6k04,8.04
3ps1,10.17
2hah,8.0
1x8r,6.12
3pck,6.7
4tkh,5.74
4m0f,8.77
1uwf,6.82
6qpl,7.04
5m17,3.66
5zg3,7.21
4ufi,6.2
3v2n,6.1
3f37,2.62
5nvw,6.77
1hlk,5.0
5h9r,6.08
4u71,5.22
3f80,4.22
2psu,7.62
3rv8,4.92
6ncn,3.05
4zei,5.88
2qwd,4.85
3rlb,9.92
1f73,2.39
6dil,8.12
5e2o,8.7
3vf7,9.1
6n3w,5.81
4ggz,10.18
5upj,7.12
1xgi,4.85
4n7u,6.29
3o84,7.24
2whp,4.0
6r1d,5.4
6cn5,7.7
1hmt,5.79
4ljh,4.71
3fed,7.46
5w44,6.44
4ly9,8.15
3sue,9.08
5oh4,4.55
6g27,3.14
3su0,6.79
3l0v,7.64
1px4,3.23
5u0z,6.19
6i13,5.12
4cst,8.89
1x38,8.77
6f92,6.4
3p3t,7.24
5i2f,6.49
6ayr,8.39
3suf,7.56
1g74,6.52
4kwo,6.45
4tpw,4.69
1nja,6.31
4i74,6.72
4xaq,7.14
6d5j,6.34
4bqs,4.21
2jfz,5.24
6euw,7.77
2y8c,6.4
3d52,3.28
6jbe,4.7
2qi7,10.21
2i19,7.8
1ws1,9.55
6g24,2.77
2ya6,5.7
5jxq,8.15
3su3,9.13
2vnp,9.92
6qlq,4.51
1rnm,3.07
2nsj,4.79
3ekp,8.89
3f19,7.19
5zg1,7.72
2hzl,6.57
3f8c,7.68
2pwg,4.82
5e2p,8.8
3djv,4.55
4avh,7.23
6gfs,6.54
3sm2,9.7
1tsy,4.96
1pvn,9.82
4re2,4.98
1qbu,10.24
4fxp,4.09
5yft,5.0
1qaw,5.12
5d1r,4.84
6qgf,6.0
1bq4,5.22
4b6r,5.85
5kh3,4.22
1s39,7.7
5ka1,4.48
4u6w,4.21
1fkg,8.0
5kax,6.11
4y5d,5.92
3t0b,4.3
4qge,9.3
6arm,4.97
1lgt,6.1
5tbm,7.31
6f90,6.0
4l19,6.1
4oc3,8.28
4f6w,7.52
5m7u,8.1
4iif,5.18
3td4,5.66
4z07,7.99
5evb,5.0
5kqy,9.29
1li2,4.04
1elc,6.66
1fkw,5.05
2r38,7.44
4n9c,3.9
5z66,6.69
2bz6,7.09
4qfo,4.27
6d5h,6.92
2h4g,6.52
1v48,7.8
3k37,8.92
6c85,3.9
3f6g,4.72
3alt,2.92
3mjl,2.44
1tcx,6.95
3vf5,9.34
3mxd,8.83
1pgp,5.7
3sug,6.21
6haz,7.0
3c2r,3.11
1ecv,4.85
3pgu,6.7
6t1j,4.74
2vrj,6.3
4dzy,5.62
4x5z,7.63
4x8u,2.46
5e74,4.41
5lli,7.05
3sfg,6.06
4yzu,5.05
5yum,3.65
3b7j,5.17
4uye,8.02
3ejq,8.57
2gvj,9.52
6d17,4.82
4b5t,3.33
5b5f,5.25
2cex,4.7
4lm1,3.23
6jag,4.5
3r6u,4.52
6e1z,3.82
2zwz,7.79
1det,4.3
3zj6,6.66
6dh8,9.84
3gc4,7.6
2uxi,7.3
2ovv,7.92
1os5,6.85
3t2w,7.46
4cd4,6.58
2qci,8.34
2x0y,4.6
6d9x,3.49
3fql,7.15
2i4z,5.7
5yjm,7.68
4dkq,6.6
1lbk,3.18
3gst,6.72
5upe,8.05
1v11,3.98
4iie,2.34
6ajr,4.31
4fai,6.99
4r3w,3.0
3f33,3.34
3u90,4.62
6udv,10.29
5wa8,6.23
1hpv,9.22
5ueu,7.78
3kdd,8.46
4lko,8.22
5nap,7.95
1lgw,4.0
4y0a,2.31
4tun,5.41
3v3q,6.6
1uz4,3.4
6dz0,9.03
2xd9,6.46
3f17,8.63
6s4n,6.79
4cc5,4.42
6cbf,5.17
4np3,3.3
3x00,9.08
2ovy,8.4
5g1z,5.32
4b73,7.21
4zyf,8.64
2gst,6.07
3pb8,5.24
6ays,9.19
5a5q,4.68
5mro,5.7
1ogx,6.09
1li6,3.8
3sww,8.4
6mg5,4.69
5jgi,4.3
3pb9,6.58
4djq,10.32
3mf5,5.36
2f2h,5.7
6qqq,5.17
5yfs,4.86
3mfv,2.52
2q7q,5.3
5d2r,5.82
5t19,4.49
4b5s,3.49
1pbq,6.27
6nzv,10.17
6j0o,4.92
1no6,4.41
5k1f,4.79
3ip9,5.62
3pbb,7.02
5wuk,7.85
2x91,6.74
2cle,3.55
6ayi,6.68
5edb,7.0
6fhu,2.64
1v1j,4.82
1hi3,4.19
3d50,4.77
1igb,6.4
4bt3,3.12
1bp0,5.4
6iez,6.52
5kr1,9.49
5edl,8.35
6n7b,9.22
2d3u,6.92
2j7b,6.62
6d1g,4.47
1kav,5.82
3ocp,7.57
3g35,4.68
6b1k,6.67
1q1g,8.57
6r18,4.92
3ovn,2.55
1q91,4.15
5ot9,4.07
2flr,6.1
4xtv,9.27
3ddf,4.66
3qbc,4.97
5oht,6.02
4kn1,6.84
6ej2,7.8
3gk1,4.1
6hlx,7.17
4o0y,7.22
5dey,8.43
6ayo,8.29
6dyy,10.55
3ddg,6.0
4ayp,6.12
6ny0,5.4
3hcm,3.3
5evk,4.92
2jgs,6.62
6n79,9.68
5ufp,7.37
1uwu,5.98
1e3v,4.34
4gqq,2.89
1m0o,2.31
4hla,10.8
5n0f,6.05
1ctu,11.92
1c83,4.85
1xbo,6.04
3fvl,6.07
4x8v,6.89
3hkw,8.64
4cd5,6.71
3veh,4.96
1hms,6.37
4pvx,6.76
4tu4,3.76
2mas,7.52
5b25,10.24
2q89,6.3
6e9a,11.92
1ai5,3.72
6cwh,7.54
2vwo,7.51
5m7s,9.05
2pwr,6.59
4u8w,11.24
4buq,8.14
4z0k,6.34
3tkw,5.27
5wqc,8.96
1w4q,5.26
5avf,5.49
3gdt,7.19
3vfa,9.19
1f74,3.05
4k3h,6.85
5fe9,4.68
3su4,6.26
3pgl,5.3
3nyd,3.48
4umb,4.0
4kyh,5.92
2hs1,8.48
4luz,4.7
6ckr,7.3
3ttm,8.52
2qnp,6.41
6g2f,5.17
1o7o,4.49
1uj5,3.05
2v3d,3.94
1fm9,9.0
2xp7,5.77
5fck,8.22
6qlr,4.82
6d50,5.05
5ceq,7.38
5u11,5.35
3ppq,4.55
5l30,9.14
3uw5,7.85
1moq,3.46
4pnu,4.89
3dzt,7.22
1met,9.4
5qqp,8.28
4nra,4.19
1ajx,7.91
5bwc,7.21
3umq,4.62
5tcj,7.38
6py0,6.41
3bkk,6.08
4pqa,5.55
1uvt,7.64
6rnt,2.37
4kif,4.84
3zsy,3.23
2xda,6.22
6j9w,5.13
4c52,5.68
2r43,6.0
1j01,6.47
2fu8,4.7
6ftp,5.82
5evd,5.0
5eq1,4.68
4q0k,4.87
3nuo,9.8
3gvb,2.59
5u13,5.41
1ui0,7.06
2xc0,6.72
4dhl,4.48
4qpd,7.82
6dar,6.66
4us3,5.32
1ado,6.0
6nu1,4.51
3l4w,6.0
6fba,4.7
1o5r,8.12
2j47,5.41
6e1y,7.66
5zym,5.77
5k8s,8.22
6qlt,4.04
2yz3,6.66
3lzs,10.96
6ayt,8.85
5hz5,7.07
6d1b,3.91
3w9k,6.32
6dz2,8.85
4crl,9.71
3o75,6.68
5v79,6.41
2w8j,2.96
2ves,7.7
5ld8,8.05
4kwf,4.82
4xoc,8.52
5d0c,5.63
6s5k,7.32
4g0p,3.01
3d8z,3.37
6pi5,6.96
1bjv,5.54
4ts1,4.94
3cd7,7.84
4tte,3.69
6e5l,7.18
2vb8,4.6
1jmf,5.77
4f3k,10.16
2hjb,4.39
6d1d,4.47
1rql,2.75
5dx4,6.86
5bs4,11.0
4r0a,4.26
5qay,3.23
5y13,5.94
5ost,4.56
1pa9,4.6
4aqh,6.54
4avi,7.63
6i8y,6.74
6g2r,9.46
4y2q,2.92
3bgs,9.42
3s0e,6.55
4ej8,5.39
4kxn,6.1
4ghi,7.09
5om2,4.06
3cyw,7.77
1b6l,8.3
4u0w,3.0
4mpn,6.62
5ovx,4.5
4tjz,5.97
3o9e,11.3
4xar,6.97
4gu6,7.36
3rbu,9.43
4n5d,3.22
5dqf,3.6
2uz9,5.71
6euc,3.77
4mhy,6.47
2vw1,3.52
6pg3,3.32
6b4n,10.55
5vo1,8.15
4dst,2.96
2r9x,4.85
1tq4,6.19
4ymq,5.8
4j45,5.77
4og4,6.02
4lhm,3.39
2sim,3.42
6exs,3.44
3ok9,11.23
6gj6,4.7
3sjf,7.64
4zae,8.44
3fx6,6.8
3f78,3.1
5my8,7.14
2vjx,4.96
2qi5,10.85
3ggu,9.77
4k7o,4.3
6ge7,6.06
4i71,7.74
3vw1,4.67
5ohy,5.17
1lbf,7.85
4ual,8.4
1xap,8.7
3zsq,4.96
4q4p,6.39
5j7q,4.58
2yel,7.28
3p8o,8.72
4dfg,11.74
5hvs,7.15
3hky,7.1
4urz,2.52
2jjb,7.92
5dbm,6.46
2o4l,9.22
3wz6,5.96
2xc4,8.05
6udi,10.0
3nzk,9.27
6hgi,6.22
1c86,4.7
5d45,6.92
4wkn,9.72
3ttp,9.12
5epn,8.66
1wcq,6.26
6p88,4.52
6qqv,4.92
5kr0,9.15
5f08,5.52
5ih9,8.7
1kzk,10.39
3zm9,7.42
1g98,5.7
2a4m,4.52
3u5l,6.19
1cbx,6.35
6d1k,3.13
4ceb,2.97
3rf5,5.63
4o0x,7.17
5d47,7.0
5n17,5.32
1nhu,5.66
6g25,3.52
3nht,7.01
3gi4,10.8
6qqu,5.3
3spf,3.86
4rsk,4.32
5t8p,5.89
3b3x,3.6
1wc1,4.0
1oba,2.44
4pv5,6.54
6dyv,10.59
3kdb,9.85
1mes,7.7
3f15,8.1
3st5,11.3
5oei,5.8
2oi2,6.3
1a99,5.7
1jvu,5.15
4ibf,4.43
2y82,8.4
4y4j,2.47
2reg,5.64
2zmm,7.6
6ced,5.82
6upj,6.32
5edd,5.24
1pzp,3.31
1o0f,5.3
6r0v,4.96
3e3c,5.62
4q9o,5.77
4wko,9.47
3s54,9.64
4eb8,9.82
4whs,4.12
3p3r,7.25
2zz1,4.54
2qi6,10.57
2rkm,3.9
3gta,4.28
3k8o,11.07
6d16,5.08
3djq,2.98
2w8w,2.12
3vd4,4.82
6iht,5.21
6p8a,3.59
3cd5,7.9
3own,7.47
6d55,7.36
2gj5,8.32
1k4g,5.85
3ppp,5.22
3nox,8.66
5nn6,5.52
4bqh,5.59
6oqb,10.3
1yqy,7.62
1rpf,3.99
2i0a,11.4
3f34,3.16
6fo5,6.72
4lm3,2.92
4wrb,6.19
6nyv,6.51
4yc0,4.13
3g2y,2.0
3b92,8.0
3pwk,3.35
4i7m,4.14
2oym,5.0
5dh5,9.64
5qa8,3.77
1l83,3.4
2vo4,4.94
3o5x,5.28
2gz2,5.22
1rmz,8.0
6qr1,5.07
6j0g,5.64
4kqp,6.05
1k9s,6.52
4dkp,5.72
3n2v,7.51
2bt9,6.19
5mgk,4.0
4l9i,4.89
1mrx,7.26
5cy9,6.66
2ri9,3.22
5lne,4.76
5hrw,5.48
5zyl,7.06
2pqz,5.67
6p3v,7.02
1bdq,6.34
5ufr,8.7
1iy7,6.19
6dh7,9.88
1v1m,3.94
1wdn,6.3
4bc5,4.6
5gj9,4.99
1n46,10.52
1ie9,10.19
4xmr,4.07
3k8q,11.28
5d0r,6.37
3kmc,6.4
5vh0,4.52
4i8n,4.46
5fe7,3.31
5fsc,2.36
5y12,6.23
4yrd,4.57
4gr8,7.83
6ep4,5.35
5vp9,8.99
6r1a,4.35
3wzn,7.0
185l,3.54
2r3t,5.85
4b6p,7.13
6nco,4.52
1cet,2.89
5eyr,5.3
5g5f,5.28
4leq,6.54
4ra1,5.94
3th9,7.7
3usx,5.02
5ehv,3.08
2ceq,7.28
3el5,7.72
2i4j,6.16
186l,4.85
5zg0,7.09
5ovr,4.57
5mby,3.51
2wc3,6.08
1kmy,5.1
2glp,5.01
2za0,6.64
1c84,5.0
4s1g,9.22
5var,4.09
5otc,4.71
1fcy,8.52
2zcs,8.22
5h1t,3.8
3w5n,3.87
6e5t,6.55
1uz1,6.89
6dpy,4.1
6e23,10.0
3m3z,5.73
4ai5,2.92
5cep,6.84
6o0o,7.44
6n78,9.68
4wov,7.14
1yq7,7.09
2yb0,3.85
4ipi,5.32
6dif,10.72
4q1x,11.15
6pg5,4.96
1eld,6.7
4ibd,3.67
1add,6.74
2aac,2.22
3pwm,9.1
4i7k,3.04
2f9k,7.07
6ma2,5.39
6p85,4.99
4fht,6.17
2o8h,7.6
3g3r,6.48
1qk4,4.21
6ht1,7.11
4a95,5.76
5x74,8.64
4sga,7.3
4e9u,5.82
5nw1,6.6
4p5d,5.82
1njc,5.55
4kz4,4.15
3f16,8.23
3g30,2.51
2aj8,6.2
1m2x,4.15
3uxd,4.41
5exn,7.64
3i6o,10.35
3t1m,3.04
5fog,3.67
6fa4,7.29
6a87,3.15
2buv,4.0
5edc,7.66
2j7e,7.32
4c6u,4.59
5kej,5.11
4cfl,5.88
5dnu,4.11
2yek,7.21
3cm2,6.47
6epa,5.95
5od1,5.96
4k7i,2.82
2ot1,4.0
3p8p,4.55
1hwr,8.33
1e6q,3.15
5jfu,8.07
1d7i,3.6
2y5f,8.7
2qzr,7.26
5a81,5.54
3b67,8.85
4crb,7.57
6pi6,5.66
6dak,5.14
5lsg,5.4
1rr6,10.25
5eqp,5.4
3lk8,7.71
1jys,3.52
4ovf,4.13
1dmp,9.55
6t1o,5.59
6mll,3.62
1ndz,8.11
2pyn,7.57
2i3i,7.3
4pvy,6.71
2ogy,4.48
3t0x,8.0
4iuo,3.64
2jdm,5.4
5j1r,4.66
6jaw,5.66
6dyz,9.2
2qtn,3.42
4bcs,6.99
6ezq,4.66
6e22,8.89
1kui,3.77
5jhb,6.06
6oqc,10.4
3zqe,4.23
5uf0,3.8
5om7,5.74
6n5x,4.6
3t64,6.7
6eqp,5.96
6h8s,4.42
6pg7,4.66
1ws4,3.0
2gvv,3.9
3jdw,3.6
6ooy,4.66
5mz8,2.31
6ce6,5.1
4l50,6.06
6ios,4.1
6g2b,3.8
4zt8,4.39
2a5c,4.62
4gq4,7.66
6gvf,7.55
5nvv,6.7
3hp9,4.59
4mjp,3.88
4rpo,7.64
2x09,3.76
3v78,5.54
3bgb,6.05
6jaq,3.95
6t1l,4.77
2i4u,11.57
4oc0,6.5
1f4g,6.48
1w96,8.41
5ioz,4.96
2zx7,10.49
6eux,5.92
6dpt,7.11
4lov,7.77
1f4e,2.96
6nv7,7.92
4n7m,5.47
4l4z,5.68
4xt2,7.15
4jym,5.04
6d1j,4.25
6qi4,4.37
4n9a,4.19
5elw,7.85
4h81,5.12
4r4t,6.26
3vw2,4.75
2vwl,7.02
2pym,6.82
2qwc,3.55
6gwr,8.1
3i3b,2.23
2v2v,4.07
5yhg,6.02
4i7p,3.5
4ysl,5.8
3f7i,7.34
6nv9,8.19
5vsf,7.03
3dk1,9.74
2fqw,6.68
2q64,8.52
4phu,7.92
2pwc,6.57
2ces,7.25
3ewc,7.7
5yl2,4.5
1rnt,5.19
4hdp,7.51
6aro,5.15
2i4d,11.68
4xas,6.59
2z4o,9.57
2vot,7.14
1br6,3.22
6gue,8.4
6dyr,3.66
5iyy,4.77
5kab,4.68
4euo,5.05
4ll3,11.57
6jtc,5.07
3g1v,3.19
6ouv,5.55
3zln,8.47
2h6b,5.39
5wl0,9.17
4d4d,5.96
6szp,4.74
6as8,7.05
2wc4,5.29
2v54,4.6
3pfp,6.44
1hpx,11.26
2qhy,7.48
4dko,6.52
1w3k,4.3
4i7j,3.32
1mrw,9.7
4fp1,4.57
5tcy,7.66
6ghj,2.16
1ndv,5.92
4g90,4.51
6pgc,5.35
6cdl,10.92
3c2f,2.0
3hb4,9.05
2xbx,7.82
3tb6,5.08
2f81,10.52
3tfu,3.28
5nw0,6.52
4cg9,6.21
1oe8,5.52
3hk1,6.17
6hpw,6.09
5kbe,6.34
6efj,3.32
5lz4,5.7
3g19,6.67
6mnc,5.8
6cbg,3.95
3lpl,5.62
5f8y,4.24
2y7z,8.7
4ffs,10.44
5er4,2.76
4lk7,5.04
188l,3.33
2x8z,7.96
1sbg,7.74
1vyf,8.05
6qr9,6.72
6jb0,7.24
6fuj,4.3
4ad6,4.78
3tz0,5.04
3re4,7.4
3aid,6.86
5khm,8.3
3rdq,9.31
3r1v,6.92
2c97,6.14
6d19,6.61
4mrg,2.96
4cgi,3.12
1lvu,5.32
4j47,4.92
6otg,7.5
1k4h,5.11
6eol,7.43
1tjp,4.42
1elb,7.15
4l4v,5.78
6kjd,5.05
2vvv,8.22
1vyg,8.0
6cdj,11.7
4asj,7.55
6r13,4.7
3zdv,5.48
4ibc,2.98
5etb,4.54
2ha3,3.03
4y3y,2.35
6gxg,5.24
5fol,3.67
5sym,6.55
4ck3,3.57
6e7j,9.48
1fh8,6.89
4bks,3.82
5ko1,6.64
6b7a,4.49
1zc9,3.22
6nxz,5.46
1o0m,5.15
2wyf,4.43
4rpn,6.96
3vvy,4.84
1kug,3.8
3exh,4.88
1gfy,5.08
6plf,6.67
2p3i,3.48
5hva,7.07
6gf9,6.39
3dyo,2.3
5g46,2.6
2v58,9.09
6g2e,5.01
3ehx,7.6
2vuk,3.9
5ha1,7.19
2wk6,3.32
4trc,4.52
4crf,9.3
4cjr,3.1
2vmd,3.02
3tay,3.38
4b6s,6.01
3ppm,9.54
4llj,3.42
5kad,4.43
4fnn,7.57
4u69,4.26
4m6u,2.74
3kdc,9.28
3ikg,7.24
1w3j,6.32
6chp,10.12
2hxm,5.22
4ury,2.22
3lvw,2.67
1qxl,7.96
3su2,7.35
4j46,5.28
1grp,3.72
3qaa,11.54
3g0i,3.6
2j7f,6.35
2ole,7.25
3ljz,8.14
4w9j,6.23
5ov8,4.74
1onz,5.1
1nwl,2.39
6d56,8.05
6gfz,5.51
2fzc,2.7
4cjq,3.59
5f0f,6.0
4jkw,4.16
1bma,4.59
4b0b,3.33
5his,4.71
1x8d,2.21
4hws,9.1
3oyw,4.11
5upf,8.6
6ekq,5.46
2bet,2.77
1loq,3.7
1ctt,4.52
2c80,5.33
3elc,2.69
5u0w,4.24
6rtw,6.43
3juo,5.07
4x5p,8.21
3b66,8.6
4oc5,7.07
1c3x,3.68
3ao5,2.23
2e91,6.59
5ka9,4.41
1m5w,4.27
3ao2,3.77
2ca8,4.66
3o5n,4.76
6aqs,7.55
4tz2,3.46
2vpo,5.42
4aq6,4.8
4jh0,9.03
4dkr,6.52
3zyf,4.85
4h7q,5.06
6d1i,4.09
3cd0,7.57
3wvm,5.71
2p53,7.46
2zx6,10.6
5e7n,6.09
5zkc,8.19
5eqe,3.88
6pg9,4.92
1g85,5.48
4h85,5.15
5chk,5.39
3g32,3.71
4att,6.98
4kb9,11.0
2ha6,4.32
2o4n,7.82
6ej3,5.93
5mge,4.06
4avs,3.49
5cso,6.03
6hzy,3.92
2ydw,7.34
5u12,5.07
1b3l,5.89
2bvd,6.0
3d91,9.15
1ajv,7.72
3c2o,3.35
5o5a,4.77
5e73,4.64
4u73,5.18
2uyn,2.7
1nw4,9.07
5hz9,7.03
6q4g,4.3
5lyr,7.89
1fd0,8.4
5mek,5.38
3tf6,6.4
4eo6,8.7
5u0y,6.08
4ufl,2.64
2a8g,3.69
5hwu,5.27
6g2o,6.77
1qbq,8.3
2we3,4.43
6i12,5.57
4msc,5.96
1dar,4.96
6n3x,5.09
4psb,4.64
3f18,7.4
4x5r,7.85
2usn,6.51
3mfw,3.52
1c87,4.2
1zhy,6.52
5dw2,5.84
1nq7,6.8
3tt4,8.28
3eb1,4.79
3lir,6.92
1n1m,5.7
4ad2,6.2
3s0b,6.49
4qsu,2.0
1alw,6.52
4umc,3.44
6d15,4.48
1ikt,3.4
4da5,6.44
4v27,6.66
1atl,6.28
3nu6,9.3
1rp7,8.52
3tfn,6.57
1njd,5.57
2izl,6.0
4zbi,6.51
1e2l,4.29
4z2b,7.76
1ajn,2.63
4ks1,8.82
4zv2,2.93
5k0m,8.82
6ayq,8.19
6dyw,10.44
1t7j,8.7
3g1d,3.48
1j37,8.96
5e13,4.24
3ekv,9.41
5ehr,7.14
6h5x,10.82
4mc9,9.44
2yfa,5.07
2b9a,8.05
2p4s,9.51
1nje,3.8
3o99,10.82
3d6o,4.11
4llk,3.0
3ebl,6.3
6qqz,6.74
2wzs,3.85
6f05,4.47
2x4z,8.57
4gny,4.22
1drj,7.4
6n3v,5.61
4zek,5.66
2afx,5.15
1d4l,8.77
5ogb,7.47
1t5f,4.22
1dzk,6.1
4ara,6.05
3su6,6.02
6dgl,5.52
4ucc,4.32
4hf4,8.62
1o0n,4.09
5ew0,6.59
4m0e,6.22
4ovg,3.69
4xo8,8.96
3acl,6.22
1yfz,4.35
6ud2,10.21
2y80,8.05
1eoc,6.05
1q65,5.46
4msn,4.03
2q63,7.18
5fns,5.4
6n7a,8.37
3n8k,4.05
7upj,8.49
2oag,8.47
1u0g,6.15
1msm,10.48
4w9k,6.54
1y6q,11.7
2ha2,4.66
1pro,11.3
6m8q,6.43
3t60,6.7
5jsg,4.85
5h1v,4.0
5ndf,5.85
1hdq,5.82
4myd,4.55
1qy1,6.52
2v59,7.74
3ga5,5.49
1c88,5.29
4lbu,6.56
2py4,6.7
1b46,5.28
5ime,8.34
5hz8,6.4
1j36,7.74
3t08,3.04
5lom,7.13
1d7j,3.3
2oax,8.65
4dsu,2.82
4pop,8.13
4nbl,6.33
1fhd,6.82
4hdf,8.49
5oss,4.55
4hwp,7.76
1d4y,11.1
4x5q,9.0
4oks,4.48
3tfp,6.47
1hpo,9.22
4x24,9.78
6md0,5.9
1fjs,9.96
2bpv,7.67
1ogd,3.03
3s43,8.6
2e7f,6.1
5hz6,7.8
2ayr,9.29
5voj,8.44
3vfb,9.04
4ngn,7.55
4xoe,5.0
2o4r,9.4
1lah,7.52
4zls,9.09
4ipj,4.87
6ibk,3.29
6ftf,8.1
5k9w,4.59
2vvu,8.1
6dyu,10.26
6p3t,7.32
4isi,8.14
1mtr,8.4
1b8o,10.64
3p3g,9.74
2ctc,3.89
5kcb,6.0
5dpx,4.46
5wlo,10.82
1e2k,4.94
2oi0,7.55
1n3i,8.89
1xt8,6.85
1b8n,10.52
3djo,4.39
3i7e,10.85
4cl6,5.39
1vfn,5.6
5c1w,5.06
4ovh,4.85
6d5e,6.85
5xvg,8.05
2y5g,6.84
5wbm,4.7
3cj5,6.34
5dfp,7.66
5w2s,7.33
1l8g,6.22
6fuh,3.77
1bzj,4.66
4y59,5.24
5xpi,5.28
2f7p,6.6
3kyq,4.22
5u14,5.34
4m3p,5.4
6i5g,4.89
2j7d,7.13
3k5x,6.41
5oku,6.26
2qi0,7.38
5ftg,6.15
5nw2,6.49
2wed,6.1
2j75,6.65
5mxf,3.59
1uml,7.52
4hdb,8.05
1xka,6.88
2vwm,7.03
2iko,5.45
4djp,10.55
2wos,3.9
1rd4,7.74
1jet,7.25
5oh9,3.86
4llp,4.8
6ueg,4.71
5dkn,3.69
1zs0,6.15
6j1l,6.42
5fh8,6.77
3bvb,5.49
5lvr,3.6
5el9,7.64
5mrp,5.52
3dx3,6.52
5we9,7.22
2vqt,6.0
1g2o,10.55
2qta,5.76
3qps,5.6
4oma,4.17
3zt3,2.86
2wec,3.96
3ikd,6.75
1ele,6.85
1swg,7.36
2j7g,7.0
6hmg,4.94
3bxf,5.54
4keq,3.82
2zxd,5.22
6qln,4.66
4c5d,5.4
5hrx,5.29
5mgf,4.27
5hrv,5.29
6fhq,2.47
3ekx,9.41
2f7i,7.1
4lm0,3.25
1f8e,4.82
6eq8,8.0
3pcn,3.66
4rlw,4.87
1mfi,5.59
6g2m,7.82
6udu,9.3
6d2o,5.3
4qfn,4.12
4pee,8.32
3hf8,6.51
3gqz,2.17
6pg6,3.7
3zv7,5.92
1pfu,2.72
6t1i,5.26
5lvq,4.14
1yc4,6.55
3vdb,2.52
3i51,7.7
2vk2,6.89
1ec9,3.1
4tkj,6.04
4auj,7.74
4mrw,3.3
1a1e,6.0
6p86,4.7
5qtt,8.47
4ih3,4.82
5yas,3.26
2q88,5.8
4jwk,8.32
2qtg,5.08
4q4o,7.46
2z1w,4.08
3t3c,10.23
4r4i,6.27
2ax9,9.52
2h4k,5.49
4arb,5.89
4zbf,7.13
2f7o,7.44
1s19,9.51
5h1u,3.51
2vk6,5.3
1v0k,5.1
4e70,5.28
6dai,4.07
2hu6,3.81
6eiz,6.22
6dpz,3.59
1w4p,4.74
4a6s,5.2
6fv4,2.92
2cbu,5.68
4rvr,6.87
6qrc,4.89
3su5,5.58
6d5g,6.6
6b4l,6.47
1sw2,7.22
3oy8,3.66
2haw,4.92
4ibk,4.3
4qfl,5.11
1ocq,5.19
5jfp,9.32
5egm,8.62
1qy2,5.74
2i4v,11.2
1y3n,5.55
4dff,7.46
1e1x,5.89
4ayq,7.33
4ymb,6.21
1d09,7.57
2zx8,9.64
5g4m,3.86
3jrs,4.28
1v7a,8.01
1wht,3.7
3ccw,7.87
6dj7,8.72
3o9d,10.72
3ocz,7.46
5g4n,4.0
5j1x,5.52
5ehw,3.0
1nf8,7.82
6j3p,6.98
3a2o,9.08
6pga,4.54
5n6s,8.09
4yml,8.35
3pn1,6.96
3t1a,8.37
5oha,4.89
5d21,8.38
2qbs,6.68
6md6,5.1
6p83,7.1
6fui,4.46
4f1l,5.12
1fcx,7.19
4a4v,6.54
5g2g,6.05
3mxe,10.01
5t8o,6.51
2q55,8.69
3zyu,7.0
4ih6,4.74
1k27,9.0
2v77,5.06
4u5o,2.42
6dsp,6.09
6ior,4.31
2b07,6.43
5xmx,7.24
2h3e,5.7
3ip6,6.6
5ngz,2.89
5cst,6.96
1drk,6.82
6g2s,8.4
1ndy,6.17
5etj,10.18
4mo4,4.22
1m0q,3.89
4b74,7.66
3nu3,9.82
8cpa,9.15
5aan,4.15
5dqe,3.63
4f9u,6.03
1nli,3.59
6udt,10.0
5xva,7.29
4ibe,4.15
6fgg,4.77
5wyz,7.68
5zo8,8.2
2x2r,7.12
4wkb,11.57
4b9k,6.17
1a4r,6.66
4k0o,3.0
1kc7,5.52
1h46,3.57
5l8a,4.91
5j6a,7.77
4efs,8.6
5wyx,6.66
4r06,6.29
2cli,4.3
5ev8,5.22
5fnr,4.23
6qr7,7.15
1a4k,8.0
3f5l,3.72
3zll,6.4
3s0d,7.05
4nyf,7.31
6md8,2.38
4i54,6.96
6pge,3.62
4hwo,8.54
6ma5,8.1
4dmw,4.94
6q3z,7.36
3muz,3.46
1z4o,4.52
5ect,5.28
2i6b,7.17
6if0,6.51
5l9i,7.0
4q4s,6.95
4u70,5.02
4ibi,4.14
2boj,5.77
5f9b,4.26
2vo5,4.89
6ghh,6.71
4kiu,3.85
1v16,3.87
6fmj,6.12
5oh2,4.24
6mnv,3.37
1upf,4.6
4nvp,7.57
5uez,6.01
3cz1,7.26
3g34,2.96
1adl,5.36
4v24,8.37
6g2l,7.17
4ejl,5.14
5bry,11.82
6ssy,3.19
6e6m,5.75
6i11,4.53
4u6z,5.41
4r4o,5.82
6i0z,4.04
3hl5,4.47
2r58,2.0
2qi3,10.2
2xib,7.26
2azr,3.64
4na9,7.39
5z7b,4.89
2on6,6.76
4i7l,3.99
6oqd,9.85
1y1z,3.08
1pb9,3.62
1m0n,2.22
2idw,8.89
2nt7,6.52
3rtf,7.35
3rdo,9.85
1uou,7.7
4xmb,7.36
2zn7,7.89
3sk2,3.61
4arw,7.13
4mc2,8.19
4g4p,6.89
1igj,10.0
6dh6,9.93
6dys,4.25
5exm,8.2
2z94,5.85
4g8v,5.8
5tuz,7.4
4br3,5.72
6en5,7.94
6qls,5.35
1f57,5.64
2gyi,7.0
3ewj,6.84
4og3,6.55
2f6t,4.62
6jad,4.32
3gi6,11.22
2clk,3.79
4csd,5.91
4q1w,11.7
5dh4,7.24
4n6g,5.47
2qwf,5.67
6t1n,5.46
1ols,5.82
3iog,5.52
3kiv,4.7
2i3h,7.4
5z7j,6.6
6j3o,5.62
6dgr,4.91
3brn,8.7
2afw,4.77
4c1y,3.6
4nbn,4.36
5oh3,3.87
4q1y,10.35
1rpj,6.48
4gbd,11.32
4jx9,8.62
1fkh,8.15
2qm9,7.77
2e1w,7.96
4mrz,3.52
6dz3,8.89
4g8y,4.59
5wcm,4.0
5hct,7.6
6s4t,7.95
3uug,4.51
187l,3.37
3gtc,2.35
3p8z,6.09
5mgj,4.29
5n18,5.68
6cpa,11.52
6r1w,5.3
4zji,6.47
6dpx,5.89
4app,7.19
1jao,5.92
6dd0,5.48
4q4r,6.43
3mam,4.12
4heg,8.92
3o7u,7.28
2jkp,4.23
1fv0,5.93
6cwn,6.65
1x1z,11.06
2f94,6.71
1lrh,6.82
2vpn,6.72
4c1u,7.09
1fh7,5.24
3exe,6.96
6maj,7.47
6d1a,4.35
4wkp,9.55
1d2e,6.0
1gyy,3.64
3nu9,9.05
6poi,3.49
4pum,6.73
5b5g,5.25
4ayu,4.73
6qge,5.68
2nnd,6.06
2ylc,7.89
5oxk,2.17
6nu5,5.15
6guk,6.15
4e1k,6.3
4kmz,8.57
2e92,6.89
4mc1,7.85
4nbk,3.87
2j4g,6.6
6hgj,4.38
2vsl,8.4
6quv,3.0
6n0j,5.37
5uk8,6.4
1koj,6.7
1ai4,2.5
4ibb,3.57
1v0l,7.55
2hb3,11.35
4lm2,3.03
1ydk,5.89
4ibj,4.33
6i18,4.07
5fe6,2.16
4up5,2.6
3w07,3.38
184l,4.72
4mc6,9.59
4rdn,5.92
5ne5,7.41
3u10,5.44
3kek,8.36
6c0s,7.05
1f3e,6.7
2a5b,3.93
2gss,4.94
2jew,6.69
6qqw,4.72
5ota,5.74
5i2e,6.64
3ts4,8.72
6pvz,3.47
4dsy,4.43
2w08,3.42
1f4f,4.62
1df8,9.7
5kby,8.82
3b4p,5.4
4cga,6.4
6qlu,4.64
2g5u,8.49
6qlo,5.06
5ja0,5.22
6mdu,4.25
6hni,4.03
5g45,3.3
4rlt,4.96
3t0d,2.37
6dh1,10.58
1qk3,5.15
3hfb,7.52
1f8c,7.4
2vmf,5.85
3fj7,3.71
3ccz,7.29
5n9r,5.59
6i17,6.6
1fki,7.0
5drr,11.46
2r3w,6.89
3lgs,4.61
1dud,4.82
3nuj,9.39
6jao,4.86
3ctt,6.35
4i8z,11.05
3le9,8.22
4x5y,8.03
1swr,6.92
3w9r,6.18
6qmk,7.46
6fnr,5.59
6d18,5.85
2pqc,5.74
1wm1,6.3
4msa,3.3
2dw7,4.7
5om3,4.1
6hly,7.33
5mwh,5.74
3djk,10.59
1ssq,6.0
5f1v,6.85
2d3z,6.64
6p9e,7.17
6jam,5.23
3d4y,5.7
4w52,3.76
6qz5,6.08
4ks4,7.14
6ftz,3.0
1zvx,9.22
6guh,7.59
1mq5,9.0
4ibg,3.97
5ldm,3.86
3i4y,7.05
10gs,6.4
4ewn,6.7
3lzu,10.06
5dgw,11.05
4j44,5.73
6nw3,7.66
3gt9,3.96
4w9d,4.99
3dx4,7.12
5c2a,8.32
2psv,7.24
5cqt,6.91
2wvz,4.02
4ad3,4.62
1hyo,4.07
4ahu,2.27
5d48,7.52
4oiv,5.08
5afv,5.59
3ip8,2.28
5c1m,10.8
2f80,8.18
3h5b,10.0
6mh7,5.74
3kqr,4.43
6dh2,10.89
6n0k,5.07
6ckw,9.08
2nsl,4.68
5exl,8.43
1dy4,4.36
2uyq,5.68
6qlp,5.28
2w47,4.98
3dp9,9.68
4ty6,7.52
3d6p,3.75
4djr,11.52
6qr0,6.92
2nta,4.8
6g2c,4.66
1enu,5.08
2qd7,9.1
6pg8,3.85
6p84,4.81
2pu2,4.43
3p7i,7.7
5i1q,7.92
5jgq,4.62
6prf,8.6
2q8h,3.0
5wbo,4.21
3v2p,6.36
5n1z,8.19
3f7g,7.37
2qd6,8.68
5uv2,4.4
6qr4,6.23
1hi4,4.49
3djp,4.2
3cj2,4.85
4de0,5.89
1ugx,5.91
3tvc,7.74
6epz,7.14
3vd9,4.0
5m5d,3.95
4mhz,6.87
4ufj,4.28
2fzg,3.38
5fnt,6.17
3f8f,6.63
6dj5,8.14
1hmr,6.55
1ai7,4.09
5ji8,4.63
6r11,4.92
1ew9,3.22
8a3h,4.06
3iof,5.22
6i14,5.82
4k7n,3.48
2fxv,5.35
6e4a,7.36
6dgq,5.51
2xg9,4.15
4en4,5.52
3ekt,10.59
2rfh,6.82
3uzj,5.55
4a4w,7.72
1od8,5.1
2qw1,3.9
1lf2,7.52
4cj4,3.36
5fh7,6.86
4np2,2.26
4ngm,10.35
4av5,7.21
4uma,5.41
4lkq,3.35
1li3,4.25
5z5f,2.17
2wzf,7.0
2ra6,4.52
4lrr,5.22
6rih,3.98
5v7a,6.38
5ewa,4.82
1o86,9.57
4p3h,6.0
2vba,4.6
3eqr,8.7
6pg4,3.59
5cc2,4.1
5jsj,5.4
3cyz,7.22
5yj8,3.98
5jg1,8.72
1kuk,3.91
1z1h,8.4
2cer,9.22
6stl,8.8
1ohr,8.7
4dv8,9.24
4ahs,2.19
1m48,5.09
4kow,4.31
1olu,4.41
4exs,4.41
4ish,8.72
6q3y,7.27
3uz5,7.22
6r1b,5.44
6qr3,6.44
6iiu,7.96
6g9i,3.93
4pin,5.4
3t70,6.3
5ahw,5.17
1p19,4.11
2qd8,9.07
6jav,5.76
3ejp,8.55
3f1a,7.21
5l2s,7.08
1rjk,10.0
4mre,2.19
3o9a,10.7
2qtt,4.32
2qi4,10.44
3bxe,5.48
3f7h,7.09
3d1z,8.8
5gsa,7.09
5qal,3.46
4u54,2.06
1sr7,10.1
2vwn,8.0
6eyt,5.72
3qt6,5.37
5kat,4.1
1f8b,5.4
2y7x,8.89
5g4o,4.43
5ulp,4.61
3pcf,6.05
2ydt,5.52
4zo5,9.82
1x8t,7.8
3qqa,5.82
3uw4,7.77
2hzy,7.39
3hl8,4.49
1jaq,4.48
4mmm,3.82
6qr2,5.49
5lz5,6.35
5gja,5.55
4rlu,4.82
3k4d,5.11
6gw4,5.92
6qmj,7.36
4w9f,5.49
4lyw,6.63
5wa9,6.76
6n7d,9.52
4kfq,8.23
6cks,7.82
1cps,6.66
6aox,4.82
4lxd,7.23
3ppr,2.82
4b76,4.54
3d78,7.64
4kz7,2.49
6st0,5.13
3cke,6.1
4pox,5.43
5oh7,4.37
6gj8,5.87
1ela,6.36
6pgb,4.6
5f1r,6.0
1fcz,9.22
5a6x,6.69
1gyx,2.48
3rzi,5.33
4nld,7.7
4zyv,7.66
6mia,2.6
5fdd,4.2
4o1l,6.7
5if6,7.23
3pp1,8.49
1g9s,3.61
6cco,7.29
5b5b,9.37
3r5n,5.78
6dtx,8.35
4mti,8.92
3ua8,7.85
5afn,4.47
5ndd,6.46
1kak,4.59
5wei,5.7
4yik,6.89
5etl,4.64
3vd7,4.48
5ai0,3.69
6gvh,6.04
5khg,4.69
6p8x,5.56
5fp0,7.77
3q2h,9.16
6hrx,5.1
6ev0,5.74
4xy2,8.1
3l0k,4.62
2fyv,3.52
6ap6,5.37
5o83,7.96
2won,6.2
3n46,4.3
3gol,7.09
5mt4,3.3
4b4g,6.76
4asy,4.22
3u1y,8.67
3r0i,6.92
4p72,4.09
6fh7,3.0
1q63,5.85
4xii,6.6
5ets,5.91
5o22,8.0
2jle,6.42
5knv,4.87
2o7n,7.82
1jt1,3.4
3koo,7.82
4qir,6.95
3ztc,4.56
4m5o,6.42
5cr7,3.1
3b1t,5.66
1pum,3.05
4zz1,7.89
1xgj,6.0
5yqn,4.03
5e0g,5.8
4gby,3.46
3f38,2.62
3w5t,4.52
4dhn,3.89
4jlh,5.4
6h5w,10.8
3eqb,1.82
3uij,4.7
4yux,3.74
4n9b,5.28
6ce8,3.41
6i75,4.64
4tyl,3.22
5wej,4.82
5uwf,7.23
6hzv,8.22
3u6w,6.92
1ikv,6.28
2wtj,6.15
5wfd,4.58
4h3a,6.29
5t2b,8.3
3tam,8.43
5t1a,7.89
5kgx,4.8
5c0k,2.92
5xv7,7.96
5wbq,5.83
4ps8,9.0
6c1s,8.52
6ez9,7.77
3t0t,7.04
2zx9,10.27
4ear,9.82
2jst,2.59
6gip,7.38
3pkd,6.12
5ofw,2.8
6ps3,9.78
3sgt,3.82
6c3e,7.2
6s4u,7.76
6esj,5.68
4d1d,5.74
4hlc,6.76
6gev,8.7
5wfw,6.1
3u3u,6.88
2ow2,8.22
6b7e,4.55
1joc,4.62
5cnj,6.84
1yye,8.57
2zir,8.19
5mt0,3.3
2az9,7.66
1efi,1.92
5x4q,7.11
5gid,6.11
1tmm,6.64
3ggc,5.44
3v4v,7.38
3o9g,12.3
1ybg,4.8
3ff6,7.15
2vf6,8.52
4c1m,7.8
5qah,3.84
1pk0,7.57
5nzo,2.24
4w55,4.74
4idv,7.4
5a85,5.3
3d1v,3.49
2xp3,3.0
1w83,7.19
3pcb,2.4
3lmp,6.21
2ow7,4.85
4pnw,5.05
1pwp,6.3
3gs7,5.44
4mx5,4.55
4pyv,6.7
6gu4,4.7
1n1g,2.3
5jnl,6.57
5bwb,5.3
5dgj,4.73
5qao,3.62
5dpa,4.65
2fhy,5.96
6oag,5.43
5yqw,7.51
1lhw,9.08
4zlo,4.92
4gsc,5.85
5le1,4.97
5khi,6.77
4kil,6.3
6rj6,8.52
2mji,4.25
4c6x,3.76
223l,3.4
3axm,5.07
5eak,9.3
5o55,4.7
3g0c,5.7
5nn4,1.94
3nf8,3.0
4pio,5.7
1tsl,6.15
4d1c,5.7
2yit,9.54
3vp3,4.95
3tgs,5.39
6max,4.87
6c5q,6.66
5orb,4.29
4uct,3.12
4b5b,6.41
5t23,5.8
2pzi,6.1
3iu9,6.62
5tzo,5.23
6gu7,5.81
3hdm,7.4
2q6c,7.78
4pd5,2.86
1pwy,4.05
4umt,6.14
1bji,8.7
5kv8,4.84
4cu1,4.71
5zwh,8.72
5trk,5.21
3wqh,8.48
5qae,3.62
5wf3,5.85
1k3t,4.19
6hq4,4.65
6e0r,7.7
6d5w,4.2
4uru,2.22
2qt5,5.03
6g9b,3.24
5bpa,9.0
2vl8,4.52
3qvv,4.42
5t36,7.37
4cd8,2.89
1il5,2.66
6mbo,5.95
6n3l,7.57
6g9a,7.68
6g0w,5.28
2o7v,5.96
3vyf,8.8
5bms,6.34
5zyi,7.07
4gs6,7.15
6msn,4.95
4a9s,7.21
5ai8,3.9
2r0y,3.0
4w9e,5.15
5qck,7.64
4i06,7.17
4ryc,7.1
6bqg,8.93
6qad,7.85
2w3l,7.52
5mxk,3.39
5xpn,6.99
2jdy,4.37
5iua,8.82
4m5j,4.84
2f6z,5.32
5j79,8.52
4yuz,5.04
3hyg,7.03
4rvt,5.72
4w9n,4.26
4puk,7.28
6hs0,5.5
6dzv,6.4
2y1g,6.15
5yg4,7.37
6etg,4.66
4p4d,5.74
2q72,2.68
4umq,5.38
3pm1,5.93
4fhi,7.0
1pw6,5.22
1onp,7.52
1qx1,2.12
3lpf,6.68
5ar5,6.3
4mx0,6.73
4hlw,5.38
3vvz,4.58
1q66,5.77
6hck,4.6
2wcx,7.6
3sn8,5.65
5h8x,5.51
4g68,7.92
4obp,7.77
5gvn,7.05
2v10,9.4
1hp0,6.7
6dlj,5.55
6czi,6.25
4yv1,3.08
3skh,6.05
5xag,5.46
3arn,5.41
4nyj,3.49
5abw,7.77
3hhm,7.92
6n19,3.02
1d8m,8.51
6cjy,7.64
5xmp,7.37
4p0w,5.96
5bnj,8.7
3u4o,7.28
6hky,9.34
2ff1,8.21
5xgh,5.99
1il9,3.4
5wzs,6.55
5v86,7.1
2xm9,8.05
5ake,7.82
4ln7,7.39
5lt6,5.41
6die,3.13
3kqs,5.2
4g19,3.58
6dcy,5.46
4jpa,8.48
6cee,4.19
4bdk,5.44
3wi2,7.04
1hww,7.7
5tkd,8.15
3kjf,4.87
2bkt,7.64
3nij,4.89
6pyb,5.38
1bky,3.84
2wbb,6.04
5lb7,5.05
3wyk,7.64
1cs4,5.57
6ewk,3.77
4w53,3.99
4m5n,5.12
6apw,6.17
4bfr,7.64
2xp6,4.7
5ak4,4.23
4hnc,3.17
4btl,5.6
4dgr,5.04
3mo0,6.81
4mm7,3.63
6kdx,6.53
6nt2,8.82
1we2,4.36
2zx5,12.33
5lp6,4.76
4x7h,7.38
1idb,7.96
5dp5,4.73
4yrc,2.7
4mw5,7.35
1db4,7.24
3nok,4.19
5yy6,7.62
4tpm,8.62
5m6h,6.82
1x78,7.85
4flj,5.13
4ryl,7.28
2g1y,7.05
4xub,5.97
4bds,7.6
3pdc,7.49
3kry,10.0
3g1m,6.3
6guf,6.65
3t2t,2.4
4mp2,5.45
5ddb,7.09
4h4b,2.7
6p5w,5.29
6d6t,8.21
3gus,6.05
5w5o,8.1
6ge0,8.68
4his,8.09
5eml,7.64
6q6y,6.0
3aje,5.03
5h14,5.06
1rhm,5.76
4b12,4.99
4lgu,8.68
4mw6,5.78
4b95,4.28
2zis,8.55
1kyn,5.39
5lsc,4.7
6q39,7.85
2n14,5.33
5xmr,7.61
3e01,7.52
5g42,2.3
3s53,9.64
3vtc,7.89
3rw9,5.96
4whq,4.12
5ale,5.95
6fgl,4.62
2f18,4.1
6f4x,4.97
5l4e,4.61
4m4q,7.96
5ech,3.8
4p0x,5.92
4od9,7.24
9abp,8.0
5aia,5.2
2y5l,6.48
4ncm,7.0
4fs3,7.85
3usn,6.15
2nv7,8.3
7cpa,13.96
1hge,2.27
1avd,15.0
1o0o,5.1
3i3d,1.99
6bl1,6.96
5up3,7.9
5lyw,6.15
2ly0,4.8
3dtc,7.59
6fmk,4.67
1bqm,7.35
1qw7,3.6
3ewz,4.1
5tjx,6.82
5qaz,3.4
4dve,9.52
5diq,5.17
1v0n,7.55
3dcq,5.23
5nib,7.72
4edz,8.08
4n7e,6.48
4p4j,6.15
2g79,6.92
3lk0,3.16
5ai4,3.47
3zs0,6.7
5fbe,4.85
4yhq,8.77
1utt,4.0
4p4i,7.46
4q9m,7.18
5wqk,6.3
5kdr,8.3
4l7b,5.64
4pkw,4.65
6f5u,3.54
3s9y,6.44
4dxj,7.42
3st6,3.62
3njq,4.89
5ceo,9.3
1xo2,6.07
5yzc,5.52
4gjc,7.05
5ezh,4.62
6cha,4.4
5j71,6.96
5pzn,7.39
4umj,5.57
6kjf,4.97
2gga,1.96
4zt3,8.0
4x7o,8.7
5qb1,4.7
3nf9,3.54
6drx,9.24
3t0l,4.52
3gyn,7.21
4m5m,4.74
6r12,4.4
5lws,3.94
1agw,4.7
2wxp,8.52
1tkc,4.85
6f7i,7.85
4g55,4.92
1oxq,6.3
1meu,6.1
3o9h,12.1
3oe6,8.09
5kya,8.22
1nd5,8.4
4kxm,5.59
4eg5,8.1
5w8h,4.63
2vj1,5.3
5i89,7.48
4p4f,6.77
3oyn,7.6
6fne,5.52
5enb,3.11
3t1l,3.26
4w57,4.85
5myn,4.52
4hbn,6.1
3zxv,7.31
1qxw,5.15
1vea,7.52
2j9h,3.39
2ban,9.0
2q93,6.25
2onc,7.89
3wab,7.47
6e0q,8.1
6oxu,10.02
2oph,7.8
3w0l,7.02
5boy,5.6
5e80,8.3
5ajz,5.7
4lw1,3.15
3n5h,5.7
2iiv,8.18
4ahv,1.82
1q9d,4.6
1rs4,7.17
6sal,6.58
3lq4,5.22
3tkm,9.0
4mk8,9.0
5dva,3.55
1rhq,7.75
5ksx,5.43
4az3,8.3
4c71,3.42
4yxd,4.34
2fq6,7.1
6rni,9.4
3kc3,6.8
4p4e,6.74
3lm1,4.7
4dcd,5.75
6m7i,3.41
6h7m,7.8
3vrw,9.39
5trs,8.0
6dge,6.72
3qup,6.32
5ewh,3.77
3d20,8.3
3sm0,6.13
5two,8.09
5zk3,8.74
1dis,11.0
6qyp,7.15
4ezk,8.2
3e0q,5.89
1u3s,8.85
4zg9,7.59
3m8q,9.52
1ax2,3.99
5trj,5.92
6ob0,4.96
6j06,6.59
2zmj,7.52
3km4,8.89
3vp4,4.73
3mg6,7.89
2z7g,8.95
1xz8,4.52
6h1i,7.36
6g9h,8.4
5ajy,6.3
3fqk,7.09
6ew6,3.08
2v12,9.05
5lz2,3.0
4y85,7.89
1y2f,4.92
5alk,6.6
3ske,7.77
3peq,7.5
6mo0,6.23
4bkz,7.57
4fe6,10.0
5k0s,8.22
2q94,6.43
6oco,6.32
5xmv,7.68
6i10,4.53
1tkt,6.15
4mk7,6.36
6o0h,8.15
4cc6,6.64
6fiv,8.08
5l8t,3.55
2cnh,7.23
1c2t,6.59
3p8e,5.15
2cbr,6.85
5n20,4.21
4mm9,5.68
4wuy,7.82
4kb7,7.49
6rqk,2.8
5n49,6.33
2yln,7.68
6qyo,7.52
1me7,7.19
3gk2,2.7
5oah,8.31
5djp,5.15
3iu8,6.24
2clo,4.06
4ocz,9.18
4hvb,9.95
3eyl,6.6
4lh7,4.47
4k3k,2.35
6oxt,9.95
6hbm,5.02
3vva,9.32
1r5g,7.52
1r58,6.96
1e72,3.22
3q92,7.92
4q0a,6.48
4cd6,3.59
4j4o,6.9
2tsr,7.54
2q9y,4.44
5e8r,8.7
6bg3,4.92
2i47,8.66
2r2l,9.0
1hqh,6.3
3gw5,9.33
4yyl,5.01
4av0,6.98
2euf,7.82
2pg2,5.77
4ufz,6.31
4tmr,7.22
5wfm,6.52
6hrw,6.0
3ken,5.4
6hq3,6.11
3fjz,4.05
1o4k,2.92
1y1m,1.82
5nvz,6.77
3qiz,5.21
3oad,9.62
3ns7,8.33
5y6d,7.26
5ml8,8.1
3qzq,5.64
5aki,6.12
2ay7,2.3
6b7h,9.03
2hdu,2.3
2y5k,6.66
5ejw,3.3
3nii,4.23
4kz5,2.0
5kv9,5.85
5uqx,6.21
5g3m,5.66
6esy,5.59
4ea3,9.57
1n1v,3.85
1c3e,6.59
6qmd,3.77
3hx3,8.0
3px9,3.42
6cmr,6.61
5npd,7.42
3vqs,7.75
1nu3,4.0
5zcu,5.67
5m6u,8.37
1u65,7.58
5mwg,5.77
4jg8,8.6
3hb8,5.12
3h0s,6.2
5fqc,8.52
2woa,5.94
3muf,6.49
4ng9,7.12
3oag,9.51
4e5g,4.67
1a86,4.0
5l01,7.48
1rdi,2.06
4jhz,6.02
1h3c,6.51
5tqf,8.3
1pfy,8.15
1uze,8.9
2p8n,3.15
1fd7,1.85
5urk,6.1
5ax9,8.1
6ccn,4.52
2b1q,1.59
5tus,4.43
3ith,8.1
1tg5,7.92
2uyi,6.32
4zjj,8.0
4egh,3.26
2qx0,6.11
3v2w,7.11
3ztd,4.02
5iq6,5.26
4urx,2.89
1tfq,7.92
4iz0,4.0
5zgg,5.0
4mmf,6.53
5ioy,5.22
4o12,8.7
6n53,7.87
6asu,5.21
4e1e,6.31
5ezg,4.92
2ien,9.0
3bti,6.14
1gca,6.7
1sqp,8.2
3hab,8.38
4u58,2.0
2w6z,2.82
6ijl,7.93
3n45,3.3
5z89,6.71
5all,5.57
4cfm,4.74
5vjn,5.06
6qfq,7.1
4eqc,8.1
5ur6,7.06
4uwf,8.15
5v49,7.3
2chz,7.8
3px8,3.64
4g34,7.93
4dhm,3.78
1juy,7.66
6gj5,3.36
5vqu,5.11
4py2,6.57
3dbs,7.12
5o5f,4.3
5tks,7.17
6peb,8.57
4gts,7.89
2yne,8.57
5u5h,5.89
6ggg,9.2
2bgd,5.0
2eg8,4.5
3ur9,6.31
3qpo,6.61
4an9,7.36
6ibv,5.23
3l0e,8.0
4kij,4.3
4zy5,7.59
5o4t,3.4
4p0v,5.92
6o6g,6.52
3e6k,5.15
6r4v,5.76
4mwc,5.87
5j7b,8.3
2wo9,7.21
5c7b,3.0
5gvp,6.78
2z7h,6.94
2h96,6.64
2g71,7.46
4hco,4.32
5ux4,7.05
5alp,7.07
3rjw,7.57
4oyt,2.81
4s3f,6.24
1oth,7.0
2vev,6.52
4tyb,1.7
4p0n,8.66
5jmw,6.76
3zxr,7.7
2x6j,7.44
1zd3,3.3
2z50,4.95
3h0q,6.07
1tkz,6.62
3u78,5.6
3n7r,7.7
6cwf,7.54
4y6s,5.03
1a5v,3.1
1q95,7.57
4yab,5.07
5f6u,2.52
5bot,4.41
3olf,7.7
6ezh,7.04
5uvc,8.21
2ea2,7.8
6fmi,5.03
4o91,6.83
3upi,8.22
4jjs,6.7
4y63,3.58
3is9,6.42
4z7n,5.04
6fe5,9.3
5jyp,7.0
5eym,7.6
2q92,5.96
3lbj,4.96
4exh,6.15
4uia,6.72
3g86,8.3
2ewp,7.1
5eps,4.42
3wzq,6.23
5hna,4.23
4obz,5.72
6ilq,6.36
6mlw,3.74
5lss,6.31
4my6,5.62
6j10,6.35
4l7d,6.12
6f5w,3.83
2jjk,8.05
4ok3,4.15
1gcz,5.13
1nxy,7.19
2j4k,4.85
6mso,5.42
6m9t,7.7
4phw,10.0
2w6n,6.9
3g70,9.4
6iik,4.91
5a0c,9.27
5or9,4.06
4mfe,2.27
6ccu,4.45
4oyo,3.52
6jid,5.08
5wvd,7.68
4pct,7.15
2n0u,6.22
1yz3,8.81
3tc5,5.17
3bpr,4.95
4esi,4.15
1fgi,5.0
3vru,10.0
4piq,7.1
5gvm,6.73
3qiy,5.34
4lh5,6.7
2oqv,8.4
1ugp,2.89
2xzg,4.74
2gg2,6.6
2piy,7.7
5mih,4.19
4ju3,7.07
1y2g,4.08
3oeu,7.51
2gfk,4.52
5ak6,3.49
4jps,8.3
5ofv,1.58
2qch,3.6
6agk,5.58
5akg,4.46
6fv1,5.97
4k2f,7.4
4lph,5.04
6ek3,6.48
4a9r,7.8
3azb,4.92
6bqj,6.0
6iin,6.08
1oiy,7.19
2g8n,7.2
4qg7,8.0
6o2p,8.18
4ycw,5.68
6gvi,6.82
2bub,7.05
4u5u,2.89
4e5f,4.82
5cgv,6.47
4bvb,4.48
4k69,7.4
3i81,7.89
5wa7,6.4
5dtj,4.47
5vad,9.12
5c87,3.7
5fwg,6.72
5ar8,8.1
4o28,7.54
4hbv,4.64
5ovh,6.55
2ie4,10.0
2i2b,2.44
6f8b,5.21
4yh3,4.59
3fq7,2.52
3c45,9.68
3zlv,3.52
4bdb,4.07
4mao,7.33
5w3i,5.8
6fpu,6.49
2bw7,5.7
4u7v,5.49
4wyz,4.3
4b6q,7.55
1tpz,6.19
6bfn,8.03
2f9b,6.52
4y62,2.95
5eud,6.82
2clf,3.55
3qpp,7.92
4h5c,7.55
6ggn,10.1
5djr,4.86
2mlm,5.21
5swg,4.48
2xb9,6.77
4edy,5.83
4gtv,7.42
4hze,6.29
4ojr,7.42
1jjk,11.06
6nd3,4.59
4qhp,8.05
5v40,5.8
4oz2,3.0
3sfi,6.4
3oz1,8.7
6nm4,7.06
4mha,8.28
5i13,5.08
4gb9,6.27
2i4p,5.7
4hai,8.1
5xig,6.38
5tri,5.06
2wti,7.04
5v42,6.62
1oi9,7.16
2xcs,7.85
5dhh,9.18
6afj,6.28
5ttf,6.21
4ijh,4.33
5ow1,4.15
6mck,7.92
3qvu,3.55
5t4e,5.36
4mk2,6.14
5he2,6.89
3o95,8.28
3c6t,8.68
6chl,8.05
2xgs,3.28
6szj,5.82
4qsk,5.1
4dpt,7.3
3q2a,5.3
1ms0,2.91
4h5e,6.07
4g3f,8.36
4e5d,6.22
4x6x,8.64
1h36,7.74
2ieo,8.49
1n3z,4.2
1bqn,6.22
4kov,3.75
5ujv,3.6
2vvt,5.24
4b6c,6.16
1gzg,3.05
3wka,4.54
4qn9,4.41
1jh1,4.39
4avg,7.22
5dyy,7.24
6n6o,9.15
6cmj,8.3
4ijq,7.52
3eju,6.6
5n1x,3.16
4bdg,4.12
3bm8,3.54
5acw,3.84
3h0e,8.15
6agp,5.05
4wx6,9.0
5j3s,7.72
3uwo,6.36
1hvy,6.54
5yjb,7.54
3tct,8.52
5ugg,6.42
5db1,7.66
1h1h,5.22
3qs1,7.96
5m0s,6.69
5w92,7.7
4zsg,5.0
4mw0,7.41
6fns,4.03
5uoy,7.57
3pvw,7.27
3srb,4.19
6moo,9.17
5v24,6.4
5tho,7.64
3otq,7.39
6qef,7.22
3wk4,5.13
5o4s,5.47
5v19,3.3
1d3v,6.96
4ir5,6.21
2g6p,6.22
5ws3,8.96
1qm4,4.3
3sv9,5.0
4lh6,4.11
2v13,7.59
4zt7,8.0
5kyj,7.89
5wzt,6.66
4pb1,2.82
4uwg,8.15
2x6k,5.64
4aoc,4.27
4glw,6.1
3dya,8.52
5mwd,5.72
4jkt,7.09
2nq7,5.54
3ad8,3.16
5olb,7.89
3l54,8.15
2fkf,2.92
5wi1,5.0
5dp4,4.2
3hyf,5.92
4r5g,5.22
4p75,4.1
6ap8,5.1
1o42,8.05
2oqi,8.49
3oyp,8.7
4w9g,5.26
6n5f,6.86
2p98,6.19
3i6c,4.92
4pnk,6.6
1dfo,6.7
4fhh,7.46
5tku,9.8
4x7n,8.22
1xur,5.18
2x6i,6.08
6a9o,5.24
6hrz,4.0
4ms0,3.39
3kce,4.8
5wi0,3.44
3hnb,5.11
5hn0,3.7
5j4y,6.05
5h9s,4.06
4iu4,5.0
5h21,5.19
5tnt,8.31
2ff2,8.21
5nai,6.1
5gvk,7.0
2xsb,4.96
4u2y,3.99
3zsz,2.7
5uex,8.82
6bu3,6.55
4e96,6.66
6e59,8.67
2z7i,7.0
3uhm,8.44
5aiv,6.19
5n8v,6.68
3vuc,9.05
4kox,4.77
4a4f,2.88
4dhu,5.3
1fj4,4.59
4na8,8.82
1uh1,5.48
3ppo,5.3
5ajx,7.96
6gvg,6.0
4n1b,5.96
4xbb,5.0
5a5r,5.9
4nxs,7.37
4quo,7.92
6r8r,7.07
4ijp,7.8
4e5h,6.37
1htf,6.83
5drc,5.98
3l13,7.82
3c43,7.72
5sy2,4.96
6hvi,6.42
1hn2,6.0
4jnm,8.52
1jq3,6.7
4hy4,8.57
4cqg,9.39
5kj2,7.82
1x07,3.28
1n8v,6.03
2bgr,3.6
6i16,4.0
2y1d,6.82
5hj9,5.85
5dd9,6.11
1fls,7.48
1you,9.06
5vqy,6.29
3bki,5.12
1ux7,3.0
5u5l,4.85
2chx,7.74
5j58,7.3
5kql,4.0
6g4m,6.6
5m5q,7.05
1b11,7.39
5lhh,8.17
5jyo,8.52
3lce,3.81
4k5y,8.17
6abp,6.36
3ixg,7.57
1f28,7.8
5f6v,2.24
4m5u,7.96
4ddl,8.31
1o47,8.4
4ddy,5.62
5mys,4.3
3uxm,4.7
1vrt,7.1
6bt0,5.68
4bfz,6.26
5ugh,6.77
5zku,4.3
4kc4,3.23
4mw2,6.7
3m6f,8.6
2fdd,8.32
3cbs,7.24
5j6d,8.22
5alr,7.07
3s9i,5.7
2wpb,2.89
6cea,3.14
6ela,7.59
2boi,4.32
2agv,7.7
4ybs,7.24
6mjw,7.99
3ans,6.25
5yea,8.3
4caf,7.12
3lp0,6.96
6ftn,6.7
6u7o,10.81
3sh0,5.66
6hzp,1.98
3g15,7.0
6bau,4.51
2jt5,7.74
6oa3,6.4
4anb,8.18
5am1,8.52
6dh5,11.3
5k8o,5.96
1lt6,3.3
1w25,6.3
6i15,4.0
2pjt,6.07
5eva,3.7
3fk1,2.62
2kdh,2.96
2aig,5.0
6cct,4.14
3oqk,6.38
5jjr,7.8
5u6b,9.89
3k3b,6.7
5fum,4.74
1kvo,7.89
6dh0,10.59
3hqz,9.38
3p3u,6.48
5qap,4.0
1nms,6.7
6s0e,5.5
5ea4,8.11
5qcn,8.22
2oaz,8.7
5wio,5.03
6c99,5.62
4mpe,6.37
4aw8,7.66
5ab9,6.33
3prz,7.59
2c9b,5.54
4lno,2.62
2pqj,8.2
5oje,5.21
5a09,8.46
5fv7,6.74
6op0,7.86
2a3x,6.92
1vcu,3.85
2pvv,3.36
3o8g,5.13
3ryw,6.24
3rde,7.46
6qed,7.13
4op2,5.93
4nwk,8.7
1o4r,2.41
5ii1,5.48
2fl2,8.7
6dya,6.17
4dhp,4.44
5du6,5.02
3u0d,10.0
3ho9,6.1
6jio,4.55
5ocj,4.82
5am4,6.95
3br9,7.21
3vzd,6.3
6qac,8.21
3w54,9.7
2nq6,5.82
5o0a,3.24
4n8d,4.92
5dhq,5.7
5fdg,6.37
4a4g,2.99
1xzx,10.22
1nj5,7.3
4mjo,6.22
5vsk,5.74
5dlv,4.98
2wxi,8.15
2ycs,8.87
4jsr,8.4
4yqv,5.71
2wxo,7.05
3sd5,6.58
1ld8,8.46
6dk1,7.65
6cki,7.24
6gpb,4.85
3opm,6.62
4aa7,5.7
3ty0,7.08
4p90,7.19
6me2,9.37
6ps9,4.62
2ndo,3.25
5cgj,5.22
5u9i,7.31
4f49,6.09
4mvw,7.55
4hva,5.89
2qry,8.64
4n99,3.67
5c3k,3.96
5m7m,6.45
4wmv,4.03
5t6f,5.8
4ozo,3.83
5i2r,7.72
6hk6,6.41
2yc5,7.46
6bg5,6.0
6dtw,8.26
5jar,5.7
4itj,6.42
5db3,7.92
2gh7,13.0
5n1p,4.6
2zga,6.32
5a5z,4.08
3u7n,7.95
5fh6,5.92
5v7w,7.12
5uxn,4.64
6nfo,5.57
6n17,3.0
5eto,5.57
5koq,9.24
5vqq,5.28
2ow6,2.7
4w54,4.17
1a4q,5.44
6i0x,6.07
1stp,13.4
3oot,8.7
5uv1,5.62
2j4a,10.6
4yay,8.54
4xm8,3.02
5uwk,8.64
5m4q,3.51
2y0j,7.92
5gjf,6.59
4c94,5.05
3qa2,6.68
3nrz,5.34
1n94,8.96
4lpf,3.51
5qat,3.85
1oe7,5.52
5dj5,5.6
2ko7,5.19
3kab,3.2
4mvh,8.35
4qgh,9.0
3gnv,7.03
4ps3,8.7
4o0z,7.24
5km3,4.6
2w71,6.48
4crd,7.1
6o6f,7.4
6oe3,8.32
2fme,6.98
1me8,7.19
1npw,8.7
4btx,6.54
5mm9,6.42
3kec,7.24
4tyt,7.7
1nax,6.43
6e4c,9.92
2ria,2.57
3c94,6.87
1xud,8.1
2rcu,6.68
6e1a,8.85
6f7q,8.96
4ec0,6.07
1dm2,7.15
5of0,8.63
5osk,5.6
1w6j,8.19
2ogz,7.08
4ze6,2.48
5alz,8.22
3nzs,7.12
4jxw,4.72
2fv9,7.22
1tft,8.3
6oxr,10.32
6h9x,9.74
3wym,9.52
4b3u,5.33
3kag,5.18
2ada,13.0
4i1r,4.65
1fwe,5.6
3kpv,3.74
3u7l,7.28
4m5r,3.0
3sdi,8.33
5ene,3.23
5l72,6.8
4fpk,4.24
5mw6,4.73
3sm1,5.84
3dxk,6.33
6fc6,5.25
6o50,8.55
4nvq,8.48
3kaf,6.08
6h7o,9.85
4jvj,7.66
4o5g,4.3
4do3,4.1
5yzd,6.7
4c72,5.09
3g0b,8.15
6ccx,3.15
3hy9,7.77
5qj2,7.68
3nam,8.46
6md7,6.74
4x63,6.77
5v83,5.16
6p14,6.66
2evo,7.17
5nba,7.3
4g93,3.52
1ha2,5.54
1u9e,8.24
3d7g,7.77
6qra,6.15
5g6u,6.66
4hy0,6.7
2r5q,8.57
1hq5,5.65
6mdd,4.33
1ppw,4.3
6bt6,5.91
4a9m,6.3
4y2v,4.04
6rn6,6.8
1pwu,5.68
4kpz,2.71
2flh,3.97
6b2c,7.03
4dru,8.62
6gl3,7.96
5aln,6.57
1w6r,6.15
2aay,2.92
1utz,5.85
4m3f,5.31
5wg4,7.0
4a7b,7.4
5t28,8.49
5tqg,9.62
4kpx,7.3
5brn,6.3
5cxi,6.55
4qag,5.32
4zt6,8.0
3ut5,5.74
3exf,6.54
5mwo,3.21
1ya4,4.82
3ao1,2.26
5czb,8.0
1yw8,8.0
3sud,9.85
4og6,6.71
6aum,9.1
2jt6,7.6
4az0,7.42
6q2y,5.26
1puq,7.28
3kqo,3.85
3lik,8.72
3oof,7.3
1rin,3.15
4jft,5.46
2g24,5.4
4ezl,8.59
6dgx,11.3
6ffs,7.2
5d1t,5.77
6q7w,6.85
1dg9,2.74
4led,2.3
5ak5,7.07
5gn7,6.05
4l4m,8.0
2q2y,8.8
3n6k,6.74
3p9t,6.2
4u6e,3.3
6g1u,5.61
4pd8,6.03
6r8q,6.92
6g92,4.12
5th7,5.16
4c66,4.1
5tw3,8.7
4olh,8.3
4bdi,3.64
5mhq,6.96
3hwx,7.86
5dhp,3.85
3kqp,3.42
2avi,15.22
6g9j,8.39
4cjn,4.76
4dem,7.55
4xx4,7.36
4n9e,7.82
4kup,5.22
5q0g,9.74
5ak0,7.68
2vew,7.19
5l2y,9.85
4fbe,6.99
3jzf,5.3
5qtu,8.39
4huo,4.7
3ro4,6.23
1lv8,5.46
4yrr,2.7
4tn4,6.33
1zeo,6.68
6pf6,4.74
6pii,6.96
1gfw,7.82
1nhw,4.84
5uwl,8.03
2gg7,5.76
5qa5,3.52
5c7a,3.31
4mm8,6.11
1nj1,7.6
6dih,2.72
5g43,3.7
4wx4,9.22
4rs0,6.0
2yem,7.81
2opy,4.52
5ufi,8.4
5als,7.72
4zz2,8.04
2clm,3.55
5qaj,3.48
6s7z,5.66
5kkr,6.92
7prc,5.21
1ywi,3.43
8abp,8.0
5xmt,7.58
3smq,5.02
6htn,6.07
4acf,5.8
3uwl,3.68
2pj1,8.01
5l2n,5.55
4m3e,6.25
4eg4,7.89
1bil,9.3
6c2x,4.76
5lyx,7.42
3lj3,9.03
5jv2,4.0
5ul5,6.97
6mhb,6.77
2cll,4.3
5emj,7.48
2b5j,9.1
6mnp,3.71
5ggk,3.54
2ggd,3.8
5iha,8.05
4mw1,7.72
5c6o,3.7
3zw3,7.47
4m5h,4.54
3n87,4.96
5vdw,3.7
5cw8,7.22
4wf6,6.3
1o8b,2.68
5jat,6.64
2bu5,7.78
4djh,9.49
6j63,8.19
6qxa,5.77
1db1,9.26
6e2n,7.9
2glm,5.37
2fde,9.15
5v8o,3.77
5yz7,4.75
5wzw,5.91
6aud,6.22
3u8h,6.49
6c6o,8.3
1qpb,1.36
3kc1,9.0
3k3g,2.85
5i94,7.52
5xpl,7.7
4ydg,7.82
4wq2,6.3
1rt9,10.25
3oe9,8.18
4fxf,5.19
1af2,3.1
5j18,9.15
5enc,2.3
5obj,4.78
1vot,6.6
1q4w,6.46
2adu,7.74
5kh7,3.66
6bmx,4.72
2fv5,11.7
5mxv,4.92
5emm,7.74
6klk,3.88
3zsw,2.7
4c6z,3.45
5t2p,5.72
1zxv,6.1
6aaq,2.41
1v79,7.89
4okp,2.7
4y8y,9.15
4qip,5.15
1x76,8.72
3h0v,4.82
5knj,6.94
5jaz,6.55
5a5d,8.0
4mwb,6.49
3dz4,6.4
5lto,5.92
6mo4,8.34
5i7u,8.77
6aan,2.75
5ee7,9.21
1k03,6.0
5h13,4.94
4ux6,5.92
3ex6,3.66
6an1,5.35
4jls,5.66
4uau,5.89
1xog,6.39
2hwh,5.7
1qs4,5.64
6c7b,5.82
5npc,4.0
5wg6,4.54
6fo7,7.87
4hxq,7.22
3wv1,11.41
6uf0,7.14
3eq8,9.06
1o4q,2.49
1rdl,2.24
3p0g,10.08
4h2j,5.32
1a07,6.4
5yve,6.48
4j6i,8.85
5arg,7.57
4lnb,6.56
2qt9,8.64
1zaf,7.7
5ur5,7.14
4bcd,7.48
1fbm,6.22
4cfw,6.29
5ddf,6.17
5wg3,8.1
1a8t,5.8
3tz2,5.24
5vqv,6.4
2jdn,5.56
5wa6,6.36
2w97,0.96
5lzj,3.9
2ha5,4.34
6dxx,6.64
5g22,7.0
4d2p,5.68
6aad,2.79
5uq9,6.15
3lzv,10.59
4ea1,6.44
4qfr,8.13
5c7d,5.11
2zjf,7.72
4o9s,6.55
3twd,7.74
1jg0,5.3
5w10,6.62
2q1l,7.91
6gy0,7.32
4f6v,5.8
6ayh,5.57
6h7j,8.62
2ow0,6.7
2ggb,4.92
5zh2,6.54
1eix,11.06
4luv,2.85
4dtt,5.54
4knr,5.74
6ul8,7.52
6b33,8.12
4jyv,7.77
5dl1,5.0
5hn8,4.01
5td2,8.66
6dzq,7.37
3b8z,6.54
1swk,12.0
2xpc,3.9
6chm,3.7
3vzg,1.72
3q4b,9.33
1n8u,6.03
5tzy,8.7
4lh2,1.24
6pdj,7.38
6nzf,9.04
5acx,5.05
4m48,6.81
6e6w,9.96
6f2n,6.7
6apz,6.82
5v13,7.63
4p10,8.1
2iok,9.0
6ocq,6.7
1o4j,2.36
1gmy,7.35
1jj9,5.77
1cze,2.62
3ej5,3.57
6axb,6.3
4wwp,6.92
3oki,7.15
1nyx,7.04
2p9a,5.18
6qaf,7.42
5uox,8.3
6afe,5.36
4mgv,7.12
5pzm,5.96
3d7f,9.3
6k4x,6.66
1fpp,8.0
5yjp,6.62
5tl9,9.0
4d1b,4.44
6ajj,6.8
1db5,6.82
6v5l,3.65
3n7h,4.5
2b4m,3.53
6am8,4.89
2k0g,6.97
5znl,8.77
1kqb,4.0
4dhq,4.49
1uvs,5.4
5ncq,6.96
1o6r,7.1
1d6s,4.11
5gjd,7.92
5etx,6.81
6nad,9.3
4lmn,10.3
6i0b,8.04
1cea,4.96
5mgm,3.3
6h4a,7.38
4imq,5.82
4xbd,6.4
4gvm,6.11
4oty,7.4
5j4v,5.85
1tve,5.68
2gpp,5.7
1d6n,4.5
5a3u,8.32
5ulg,6.72
5gjg,6.21
6oip,6.92
4iku,5.75
3nf7,3.47
5jmp,7.17
1fv9,5.0
4m5k,5.23
6ds0,8.66
4pli,3.16
5fnq,3.0
5agu,10.0
1h3a,6.55
6g5j,6.7
4j0a,6.8
3mbl,7.74
6poh,2.71
4ctk,2.0
2wo8,6.28
5ehi,3.34
5l26,5.35
3lxo,4.82
6f6n,3.02
3wt5,9.54
5bnm,4.82
6mlf,4.28
5kit,7.89
6n5h,6.45
5u7o,7.14
5ohi,8.47
3n49,5.15
5k5s,2.69
5e7r,7.6
3zcw,6.19
6fod,8.15
5t4u,5.32
1n7j,6.43
4n9d,7.72
4k3l,2.96
3q8d,7.22
4gtt,8.22
5n16,5.3
3g8o,7.8
3c14,3.52
5gub,6.2
3rse,7.0
6qyl,6.08
4yh4,4.59
5j47,5.31
6g6w,9.7
5u62,5.89
1rt1,8.1
4mx1,3.68
6afa,5.49
1c29,6.33
1r6n,7.4
2xwy,5.22
4ciy,4.57
3t19,8.66
1toj,3.39
3qio,6.84
3o6t,5.22
3ejs,6.6
3fr5,6.35
5zdp,7.18
3k5k,7.64
1c85,4.64
4m5l,4.72
4yl0,8.22
5jal,2.47
6g4z,9.77
4c1c,4.97
5zxi,9.15
6c3u,5.4
4gtr,8.3
4oya,6.44
6b95,5.15
6mum,8.41
3ckt,6.32
1i72,7.26
6c0r,7.51
1o4i,2.64
2ga2,5.52
2mov,7.4
6gqm,4.48
2w6p,6.48
5wbp,4.36
5alw,5.15
1uys,3.6
2cmf,7.55
3kqa,4.85
2n06,4.92
2bve,3.67
5jah,3.0
5vqx,6.32
6me4,9.92
5prc,4.89
5a8x,8.19
5vio,8.62
6md4,6.16
4ca4,7.18
1tl3,6.2
5zk8,8.89
6ps1,9.7
2qju,4.1
5v37,9.47
6hcv,8.3
2hfp,8.52
5qar,3.77
4wzv,9.37
1tkx,7.54
4oym,4.96
5c83,6.8
5dtt,3.51
1h0r,3.7
5f1j,4.92
4u44,8.1
3qs6,4.89
3tz4,5.49
5dde,7.19
5n2f,7.1
6hb6,7.36
4mh7,5.23
4wgi,5.35
4hww,6.65
1q1y,7.7
5etp,6.15
5w6e,8.04
4bie,6.6
1ga8,1.8
4u3f,8.39
4v1f,7.7
4c1f,4.63
2hpa,4.6
4klv,3.78
5v8v,8.89
3p4r,2.72
4ju4,6.47
5wap,6.52
6ba7,8.15
5a82,5.6
3f8s,7.89
4jin,5.64
4n8r,5.0
3t07,7.8
2wyn,5.55
5duc,6.35
3cwe,6.92
3s3k,4.01
3szb,4.92
1bdl,5.85
6mul,8.2
2c57,3.43
5ayy,5.32
5mxr,5.21
6c8c,6.38
2f10,3.48
6i77,4.96
3qs4,4.68
2oyk,5.3
5zla,4.3
6mo1,6.54
5mwz,5.15
4o10,7.11
5n4t,5.97
4yog,5.74
1hte,5.64
6aji,4.53
1pzo,3.32
6c4d,9.04
5km5,6.92
5bqh,8.52
5ea7,7.96
5nzm,3.9
4cd1,4.89
6euz,4.18
5kbq,7.0
5yf1,3.28
2o4p,10.72
5ivt,9.1
2cmo,6.4
4jg7,6.92
2q7o,7.92
1s63,9.05
4ixh,8.21
4zij,3.25
5sxn,4.96
3gsg,2.7
1dzj,5.89
5jgb,7.89
3eou,7.01
2hwi,5.52
2zxa,8.35
6sfc,5.28
5alf,6.69
2evc,6.54
5ywg,8.34
4bda,5.57
6e6v,7.77
2z4w,6.01
1xge,4.68
5qqo,7.77
4x8s,1.89
2m3z,6.57
6evm,2.82
3f6h,4.72
2lzg,7.77
5nb6,6.3
5j6s,4.0
3skk,4.47
4tnw,3.78
5ukj,7.16
6k9u,10.05
6dh4,11.3
4q6r,6.68
6gz9,2.13
4wf4,3.11
5n9t,6.66
5tpb,2.59
6pt3,9.41
3k8d,5.77
6ic6,7.82
5o1s,3.65
4o0j,4.89
4ybm,6.85
3v4x,6.15
2uyw,13.0
1o4g,2.3
5urm,5.28
2yoj,8.3
4npv,7.46
3sdk,6.8
3uza,8.94
5trh,5.08
3iu7,4.8
3wpn,4.36
3sxu,5.05
4xwk,4.63
5yu9,6.74
4f3i,7.44
4tq3,5.49
4la7,6.57
3wkc,3.71
2bge,2.8
6bik,8.19
5ldo,3.75
3jyj,5.74
5a7j,5.2
6evq,2.0
5hfu,6.89
5kqg,5.15
6a94,7.4
2vc7,3.36
4tz8,3.3
5l3e,6.18
5tci,6.88
5alx,5.48
4jmu,5.47
5bsk,6.22
4zk5,8.43
6i0r,4.35
4nrk,7.62
6das,8.31
3vw7,8.1
6qrd,7.0
3rv7,4.85
2xwe,6.02
2hs2,8.31
6pyu,8.0
5m0m,8.22
2q95,5.8
1mdl,3.09
3q3t,7.43
3q77,8.22
3gk4,3.92
3bsc,4.48
2lkk,6.7
4zz3,6.0
4pd7,3.92
1unh,7.0
1fdq,7.27
3zm4,5.96
6qz8,7.62
1zd2,3.3
5dg6,5.07
6cec,4.35
1hty,1.4
6pno,5.32
6g22,7.56
6iyv,5.88
6gg8,9.1
5lkr,5.48
3wv2,7.92
5j8i,8.29
4ctj,2.51
5vdu,3.7
3s0n,6.74
3zt4,2.8
2oei,3.91
6h7z,10.12
1j1a,7.54
3vw0,4.67
5oh1,4.41
6pvu,5.21
1cr6,8.51
5eci,3.8
6c5f,4.48
5x4m,2.92
1xnz,6.62
5ccl,4.77
5kos,8.82
6awo,8.7
4ucd,4.0
4u45,8.0
5fwr,7.75
4urk,5.96
5enf,3.57
3tvl,4.0
4tpt,7.04
6b3e,6.99
3odk,3.14
1ofz,4.62
5ekx,2.03
5hn9,4.3
5ypy,4.64
4f6x,5.09
4hxl,5.66
6fgf,3.96
5ml3,9.69
3ogm,7.32
6oos,11.3
4ael,7.92
1gww,3.59
6ps5,8.43
6bic,5.62
1dqx,11.05
4yax,5.82
5ea3,8.77
4ttv,6.68
3e3u,7.89
2v5a,6.82
5dh3,7.42
1axz,3.2
4g3e,8.38
3kr2,5.14
4l5j,3.0
5vqt,5.74
3pp7,3.94
6i3u,9.22
6ps6,9.7
1b2m,3.73
3eos,8.4
5hka,6.46
4nat,6.48
5t4v,7.22
2pvw,9.52
5es1,8.34
4y2x,6.29
4ran,7.15
4wnk,6.42
6hvj,7.55
3uwk,4.24
6bec,4.01
4jda,6.29
3kjn,5.19
5c91,3.61
3mg0,9.25
6fsd,4.24
3ufa,5.0
4lge,8.46
3zpr,6.65
1ykp,2.96
3fci,5.89
5alo,6.13
1ch8,7.0
5etr,6.52
4uzd,9.22
2kce,6.17
1u2r,5.41
5d7a,7.68
6e3m,8.64
5wfc,4.9
4ks5,6.89
6gf3,4.84
3zy2,6.46
6hmx,8.89
6ccq,6.6
6jn3,5.16
6b16,7.49
5hja,5.96
4ylu,4.0
4mwv,9.4
5yc8,8.19
3l2y,4.49
4pku,4.52
6gg5,3.65
6fgc,5.48
5nwh,7.54
5v3h,8.3
5ief,5.28
4old,2.7
4mib,9.7
5vew,5.15
5lm6,5.11
5lyy,4.85
5t4f,8.0
3iaf,2.92
5k0t,5.78
2izx,9.4
3qch,5.48
3i6z,7.3
2yig,7.1
1rsd,6.52
3a73,3.38
4a6w,5.72
5zfi,5.92
6qeg,7.3
6h7u,1.98
4p1u,8.52
6exm,5.52
3s3m,7.4
6nwc,7.74
6afi,6.2
6dko,5.8
5m6f,6.66
1h9z,5.42
5ddd,6.59
1ljt,5.15
4yff,8.0
5jur,8.52
2qcd,3.4
1wxz,8.07
2g78,6.92
4g2r,4.45
2i3z,8.7
3kpu,3.16
5cqj,4.81
5eb2,1.11
5tvn,9.04
4ga3,7.52
3qin,6.87
4umu,6.19
3h0w,6.22
6n7c,9.17
2az5,5.27
5a5o,3.0
5wkl,6.15
2ww2,4.85
6oa1,4.59
4ya8,6.1
3aza,5.13
4zyr,5.7
6ey7,4.3
2ohv,6.46
4urv,2.77
1mzc,10.22
2anl,6.96
4fck,1.26
5v3x,6.59
5o48,4.7
2ooh,5.89
1n9a,8.66
3h98,8.3
6gvx,7.62
4yqu,6.66
1bzs,8.0
5ukk,6.21
3zvv,3.04
1wva,6.57
2rgu,9.0
5zqu,5.15
2j3q,6.15
4iqt,6.11
4hbw,5.32
1z6d,2.34
3h0j,6.49
2q70,8.08
5juz,5.52
5dkr,5.22
3wyl,8.85
4zy4,7.66
6kqi,8.06
1swi,3.1
5bpe,5.95
1bo5,3.6
5db2,7.6
6j7l,4.5
1pu8,3.1
4h2o,5.52
1ru2,6.49
1lev,5.6
2exg,4.3
3vdc,4.92
3l6h,5.4
4c6v,4.59
6g9d,8.37
5jog,8.24
6bqh,9.8
1h37,7.23
3kr0,4.7
4p1r,8.39
1ugw,3.09
1gsz,7.21
6ibz,7.66
4m3b,6.4
6quw,2.82
5lgu,7.66
1wax,4.07
4wef,2.59
4u01,8.46
5wdj,6.96
3d7b,3.69
3chg,3.99
5dyt,7.6
1bap,6.85
4mro,7.06
1uj6,3.05
6pf3,4.55
5mri,4.4
5lhu,4.66
2rjr,1.94
1n43,10.55
3djf,6.1
2cng,6.96
1ld7,8.96
5mgg,3.3
2lwi,3.11
1z34,3.38
5iu8,7.74
2chw,4.77
3fw4,9.4
5kmf,6.29
2pj8,7.74
5wf7,4.01
5cgc,9.3
4m5i,5.17
5akj,5.86
5uwn,7.87
5c42,8.72
4a50,7.91
4b0c,2.07
4lil,4.9
4eg6,7.37
5zlf,3.48
3r7q,6.97
1rrw,4.55
4x60,9.0
6ohu,6.78
5bqs,5.64
6prt,2.67
1rgk,4.31
5k5e,6.35
5aly,6.73
5ier,4.89
1ci7,7.05
5nz2,5.03
5du4,5.25
6g9k,7.4
4ow0,6.82
5j9l,7.47
1i7g,6.0
5t27,7.1
6j8r,6.12
2f1b,3.0
2xae,7.3
6g3y,5.89
6chn,7.96
6inz,5.8
4an3,9.22
2iu0,6.89
1v0m,5.1
6psb,4.1
5xiw,4.96
2uym,5.51
5iu7,8.96
4b13,5.7
5ye8,3.0
6b41,8.48
4btw,7.15
3qck,5.24
5n4s,7.26
4wh9,3.0
4mka,9.0
1a1c,6.4
4mwe,5.91
4f1s,8.7
3qs5,4.71
1e02,6.15
3dpe,7.24
6iiv,6.85
3l08,10.22
5ul1,6.64
2a3w,5.42
4nni,5.5
4d8s,6.49
6bqa,5.85
4rqz,5.4
6o9x,6.05
3kqt,5.34
4urw,2.8
5mgi,5.95
3pz2,6.14
3src,3.89
4dht,4.82
5ahu,6.78
3il5,5.8
3vtd,7.92
4kc2,3.31
4ykn,8.0
1ao8,8.22
1sw1,7.3
4wy3,3.62
3wkd,3.77
3t2p,3.6
6cc9,3.15
1z4n,4.52
6d6u,8.21
3fnu,6.16
3d27,4.25
6h9b,5.7
4oys,8.82
3gws,10.09
6cjw,5.74
4tlr,8.52
4tya,2.39
1ilh,7.39
4clp,1.27
3waw,6.24
5w9g,6.82
5ml6,9.45
5ehg,3.43
5bqi,9.05
3hfj,4.44
3ukr,4.92
1nlp,4.96
4hld,9.3
4awk,6.89
2brp,4.0
3elm,9.72
3fr2,6.23
4zxx,8.1
3o9f,12.7
4d52,3.11
1xdg,7.3
1xoe,7.39
4zh3,4.4
5qcm,6.96
6n9h,4.26
5naw,7.3
4lkt,5.9
2d41,6.82
5qam,4.0
5dp8,6.36
3vrv,10.54
1v41,4.7
3ijg,4.27
3mn8,6.17
6by8,6.91
6n5g,7.0
4zga,7.7
4cwb,6.09
1bdr,6.68
6iql,9.37
3f39,1.78
3cso,5.77
4bdf,4.09
5b4l,9.12
6oxs,9.96
4a51,6.73
6pys,7.15
1il3,2.55
3sz9,5.27
5ze6,3.35
1hrn,8.05
4o1d,7.62
1o4d,3.52
3igv,7.6
4yl1,6.67
4wey,3.5
2a4z,6.6
2qoe,7.6
3a29,7.89
4mqu,8.4
1f9g,1.28
2bbb,8.62
4z7f,7.53
2ay5,2.59
5v3y,6.72
5xih,7.15
5he0,6.82
5kbf,8.92
4gsy,6.92
2os9,2.24
1abf,5.42
2v3e,6.52
5bnr,6.28
3osw,6.15
1al8,5.32
6h7y,9.46
4muw,8.01
6hro,7.3
3hfv,4.87
5oxl,3.25
4m3q,7.77
5wg9,5.59
5vjp,4.83
5wic,4.64
6n0m,5.82
3e2m,9.4
4zyi,8.1
2ork,2.85
4wet,3.35
5jap,6.64
5er5,3.67
5m4k,5.66
5xmu,7.51
5f6d,2.52
3gww,0.45
3vhu,7.31
6chq,5.36
1rti,4.77
4awj,2.0
1zgb,8.06
3esj,3.03
5iub,9.46
4eg7,7.34
6b4w,8.3
2ay6,3.11
4y6p,7.16
4obq,7.19
5wew,6.74
6dd1,4.65
3kdt,6.59
4yqh,8.05
5ywy,7.23
5llm,5.35
3nzu,8.85
1o4p,2.6
5m0d,6.09
5nzp,2.19
1ndj,12.16
2wxn,7.68
4py4,5.77
2ipo,5.06
1t4s,2.44
3wav,6.74
6cvx,7.68
2g72,6.5
4ty8,2.03
2iku,7.1
5hvy,7.76
2x7d,6.7
4jju,6.29
2op9,5.66
4jv6,6.66
6n7y,5.11
5zh4,5.14
5db0,7.43
2jnp,6.89
3sjt,6.06
4mk5,6.35
5fdz,5.17
6fa2,6.66
5fgk,8.77
6etj,6.72
3cjo,8.66
4j0r,6.41
4b6e,2.3
3qsb,5.08
4r4q,5.09
6ocu,8.05
5l97,3.0
3grj,3.0
2y71,7.37
5wii,4.49
6p5v,6.7
4l53,7.55
5b1s,3.91
4y2y,5.05
1dtq,8.22
3zyb,5.38
5i0b,5.06
3g8i,7.42
4mk9,8.05
1cw2,6.15
5l87,5.07
5kbg,6.11
5zyh,5.57
5c6p,3.7
4hdc,8.92
5y6e,7.86
5ald,5.97
1lox,5.52
1o79,6.39
4hw2,7.26
4guj,3.05
6iji,9.36
1t1r,5.4
6oou,11.3
3oe8,8.14
5v5n,8.02
4o4k,3.7
1juj,6.96
4i73,6.72
4y67,6.93
3t2v,6.99
3iqh,4.59
5cuu,4.37
4dum,7.02
6bsm,6.8
4dmn,5.64
6fmn,5.95
2ycm,3.56
3l17,8.28
4iu0,5.89
5qb2,4.15
4j04,4.96
4fpf,4.41
5a5p,4.0
4pks,4.82
6oiq,6.57
4x7j,7.39
4a16,9.37
4h38,6.04
1y4z,7.24
1pu7,3.1
1ikx,8.15
4ci1,6.6
2q8g,7.06
4h2m,5.21
3stj,4.8
6cef,3.74
6eum,6.52
2x7c,5.7
4b11,5.64
6fr2,7.92
5y7h,7.73
4olc,6.19
5qai,3.82
2i6a,9.05
4b4m,6.69
4a4e,3.32
3wk7,3.9
2gg5,6.6
2ow1,9.0
3zpq,7.17
5ygi,7.05
3d7d,7.85
5cnm,6.81
4bky,7.92
6f7b,8.89
6drz,9.8
4kju,8.22
4l23,7.75
5c29,6.06
5cuh,4.62
4uce,3.17
5t2l,8.2
5fqb,6.52
2kp8,4.0
5y97,3.6
4jgv,6.57
2az8,8.22
6qqt,4.23
6fob,7.63
2bcd,10.22
5gmu,3.32
3dc2,3.02
2flb,5.74
5qan,3.96
5nyz,5.03
1p17,2.82
4gj6,5.12
2oa0,6.92
2vte,3.91
4rz1,7.4
1zd5,4.87
4aml,2.1
5fdo,6.44
4gjd,8.52
1yvx,5.1
4jzf,6.76
3ljt,6.89
4g11,5.0
5xpo,7.08
4bhn,8.2
6i8l,6.41
3kba,7.8
1a4m,13.0
4mrf,1.95
6oy1,10.24
1jil,8.4
4a6v,5.72
5x4p,5.03
3saz,6.1
2q6b,9.52
6alc,7.51
5c7c,5.26
5cwa,4.77
6bu1,7.22
2zg3,2.06
3srg,5.7
5zef,1.75
1pf7,10.14
6mlh,3.67
2qve,2.32
3n2c,5.12
5l2o,6.12
5v7i,7.18
4bdc,4.93
6g4y,8.82
1qca,5.27
5ehp,4.92
3kc0,7.92
4ybt,7.0
1zd4,3.6
4gmc,7.74
1qxy,4.8
5nn0,10.96
6oot,11.3
3efr,5.08
3frz,8.15
4nrc,3.62
2eep,7.06
2ay1,2.29
1jk7,8.52
6udx,8.0
3s2a,8.09
3sad,5.96
6qaa,7.66
4twd,5.08
5jq7,4.8
1jfh,2.05
2cnf,6.62
2ypp,4.41
5etn,5.37
2w6c,8.41
1zp5,2.92
3ad7,2.52
3tll,4.39
2v11,8.52
1ai6,3.97
2ow9,7.52
1vj5,6.92
5tg2,5.49
6oxz,9.67
3vp1,5.48
1hy7,5.39
6fse,4.74
1ycm,8.0
5ytu,4.92
4m3m,9.05
4m6p,7.27
6qre,4.85
5vlr,8.52
1ztq,8.89
2buc,7.0
5n58,6.1
4de7,4.8
5i40,4.86
2a8h,7.17
1xuc,7.14
3lil,8.08
3e8n,7.72
1l6m,8.1
1p7m,4.38
6mhm,7.54
3q5h,6.25
2hdr,1.72
6n83,6.27
6cje,7.22
5q0h,7.92
5jv0,5.96
2hha,6.91
2gfd,6.28
6dgz,11.3
6aqf,8.67
1f40,6.0
1x7e,5.97
1s26,3.07
5u7m,6.74
4f70,5.74
4yrg,2.7
3vp2,5.1
4pg3,7.85
1lq2,8.77
3lpu,5.86
5dhg,9.14
1xdd,6.7
6mey,3.32
6g2n,7.14
1e55,4.12
1gt3,6.46
4xm7,3.57
6c3n,2.49
2qe2,7.77
3r7r,8.74
3hy7,6.97
5qcl,7.96
6q6f,3.35
2uup,3.98
3sx4,8.52
6giu,6.66
3b9g,4.72
6r1x,4.4
4uat,5.89
6q9y,5.43
6pnn,5.16
4wyo,6.95
5qak,3.66
3at1,3.18
5zyk,6.74
3ws9,7.04
5bns,7.02
2oz5,6.48
6as6,4.82
5ij7,8.51
2n0w,6.15
5y3o,6.86
5h08,5.96
2dxs,7.34
3nf6,3.53
2fjp,8.37
3pch,5.4
4uy1,4.7
6q73,6.9
5vpm,8.8
3kah,6.59
6hm2,7.33
4lww,7.54
1jij,8.52
6c8p,6.7
6ibs,4.96
2r4f,8.82
6dha,5.68
4h4e,6.68
6nzr,9.3
3vw6,7.85
1w6y,5.36
4gtq,8.3
2wgs,5.6
3eks,5.7
4gj7,6.77
4ob0,5.3
6jn6,7.15
3zzf,0.4
5tx5,7.8
6dji,2.51
1oko,4.54
5ov9,5.66
5x9o,5.3
1q0b,5.17
4hby,5.36
5alv,4.36
6ooz,8.05
4oc4,6.98
5tx3,8.85
5jha,5.9
2xi7,5.14
5kmh,4.62
4u5l,2.4
1fmb,10.0
5knx,6.1
5iu6,3.89
5l4h,3.75
5ml4,8.7
3q8h,4.15
4n8e,7.7
3n5j,5.22
5hk1,8.37
3ex2,3.7
3zqt,4.41
5ipa,4.7
4h5d,7.55
5b4k,9.34
5emk,7.89
4o15,8.7
3pvu,6.54
3fxb,5.85
2x3t,6.05
4ohm,7.55
6nem,7.92
1d5r,1.82
1yvz,5.36
4ngq,8.8
4lh3,1.52
3di6,7.0
2q96,5.92
1o5m,8.72
1apw,8.0
4x61,9.0
5zma,5.52
6bqk,9.0
4mse,6.16
3nba,3.41
2wbd,6.64
5t3n,8.04
3lpg,6.16
4jvi,5.3
3v3m,5.32
2g1q,7.36
4fk7,5.24
3ccc,8.1
2g96,4.28
1jn2,4.09
3ook,8.4
2pgl,3.59
1dzm,5.41
5dgm,6.4
6udy,7.57
2bb7,5.67
6nfg,4.11
2iw6,6.85
5nat,4.7
6gu3,5.36
5fah,6.15
5yql,4.59
4kfp,8.0
5u5t,5.41
4zyu,5.97
2wxd,5.48
6oi9,7.19
3snl,9.15
2bks,7.43
5ely,7.36
2obf,8.85
1gsf,5.0
4pnc,5.43
6b7c,5.14
3s3n,7.06
5mra,8.0
6f4w,5.53
2ynd,7.49
6qm7,6.8
2x6f,4.59
3n2e,4.96
3g0d,8.3
5h19,6.49
1o48,6.35
4mjr,3.55
1d5j,9.15
4ycn,7.77
6qmr,7.92
1h8l,7.47
1af6,1.82
3e85,5.38
5lub,6.15
5eni,2.3
2vr4,5.68
2ay3,3.55
3cm7,6.57
2yiv,2.78
4o4g,8.05
5qac,3.6
3t0w,7.3
4l7c,5.13
4p5e,5.55
5kbi,5.39
3dsu,7.03
4kp0,8.65
2v0c,5.68
2hqu,5.14
6avi,5.71
5dtk,4.3
5v88,7.55
2anm,8.74
6e5g,5.37
3kej,7.12
2e98,6.23
6ma1,8.1
5a7c,3.74
5dya,3.7
4k2g,7.7
4ycm,7.72
1rri,5.82
1o4f,3.52
3pz4,8.22
1n7i,6.59
5lg3,3.8
4i47,6.92
1tr7,6.82
6fzm,6.04
6bto,5.0
5hbh,7.31
6j81,6.29
3cvk,8.0
4n6h,9.28
3qt7,7.31
4yoj,6.39
4ucr,3.3
5i86,6.28
4zj8,9.26
4i9o,5.72
2gg8,4.6
1r6g,9.21
1gt4,6.52
3dg8,4.7
5l99,3.32
4flh,9.0
5oxm,1.3
3uib,6.8
3sfc,8.52
2wxk,9.3
2qh6,6.0
1wum,5.29
1uvu,5.0
4z8d,5.22
3d8y,3.4
5hbj,8.64
4knx,5.49
3fa3,5.6
5x72,6.33
4nau,9.06
2bua,4.52
1ru1,4.74
1iky,8.26
4lpg,4.25
2oc9,7.96
2onz,8.89
6fug,4.3
5u9d,9.26
6qxj,4.79
3dxj,6.22
6c5t,6.97
3mwe,1.54
5nqr,7.15
2o48,6.01
5y7k,9.18
3d3x,4.16
6cqf,8.35
5t2d,9.1
1tow,6.24
4g1f,7.77
5qad,3.77
2cm7,6.68
3fei,7.7
4z7q,4.29
2i0d,12.1
4ixv,6.62
5mxx,7.51
4nal,5.66
4dhs,4.8
5a83,6.8
2ath,6.82
4jt8,7.48
2opb,8.74
1il4,2.85
5dxh,9.0
1rpa,6.0
4ci3,6.81
5npe,4.0
6hvh,7.33
6npi,5.7
2h5a,5.1
4pv7,6.63
5tys,10.72
4ixu,7.64
3pka,6.27
3wk9,4.15
1jlx,5.8
5j32,5.08
2wtc,6.51
4ikt,6.17
5xzr,5.49
2jjr,8.2
4e8z,6.64
3okh,5.24
1t1s,5.15
5wbf,3.81
6rj2,7.0
5wpb,3.57
6e6j,8.1
3hqy,7.94
6o4w,8.47
6e4f,9.07
5lxp,6.12
4txs,3.0
1oxn,5.68
4ayr,7.0
3cde,7.66
5o7n,6.52
6dcz,7.17
4mrh,1.9
6mvu,2.89
6ps0,9.94
6ncj,7.62
4nxo,7.22
4a23,5.89
6ew7,5.54
4nah,6.31
5uwm,6.45
2cmc,5.76
5myv,7.51
5xvf,6.15
5obr,5.36
6mdc,7.44
4o55,5.3
5vo2,6.81
2vd4,4.74
1exw,3.9
4o2a,5.74
3zmp,5.67
2xwd,6.96
5owa,5.46
3qcl,5.4
4pvt,6.52
3p50,4.62
4bdd,4.43
5hh4,5.96
4g0l,5.19
1bmq,7.42
3i0r,8.52
3o9b,12.3
4fci,1.26
4yad,5.6
4pkt,4.83
5mar,4.39
6s7k,4.24
1gni,8.07
2za3,3.68
3m8p,8.68
3e51,7.85
1yrs,6.35
3h5s,8.3
4q15,7.96
4xct,8.17
3dej,8.0
4yuw,5.77
4feq,5.96
2p99,5.94
4wh7,2.3
5vdv,3.7
6nlj,4.82
4n98,3.55
1toi,4.05
5aib,3.8
1ahx,3.92
5cei,8.28
2idk,5.54
6ewe,5.51
2xp5,3.44
5ai6,4.4
5d29,7.01
4gbz,3.11
3evf,6.77
4xe0,7.72
6ovc,6.52
6nzt,10.2
3tvw,4.43
1hnn,6.24
6f5l,9.19
5qa4,3.77
5ega,5.06
5l2z,10.22
1i32,5.7
2wey,7.12
5l8o,3.38
5v35,6.96
3zxh,8.52
4ucv,2.88
3vsx,8.85
3e8r,9.74
5vt1,4.3
6afl,7.0
3b2t,5.21
2v16,8.22
3tv5,5.32
6b31,8.44
5tc0,7.6
6i78,4.74
4wmu,6.74
5mgl,3.3
5xs2,8.3
1rgl,4.43
3guz,4.38
5ndb,4.66
5twl,7.98
5akk,4.0
2pj6,7.31
4wp7,6.1
4pvo,6.31
3vyd,6.39
4mds,5.21
3vjk,9.43
1b9s,3.18
1gt5,6.1
2rip,7.19
1g4k,5.7
5z95,6.55
2giu,8.82
2g0g,6.29
4twy,3.97
2o9a,3.81
5i5x,6.7
2yhd,4.64
3n8n,4.57
4ps7,7.41
5cgd,9.3
3cj3,4.24
6hry,4.0
4iu1,4.3
3qci,5.42
1tfz,8.15
4ezj,8.42
2ycq,9.85
5w5j,5.82
2o1c,4.72
1g9t,3.28
3juq,4.91
5v3o,7.22
4jdf,2.19
5n2d,8.22
3btc,5.75
1jdj,2.3
4nak,5.85
5a6n,4.28
5xpm,7.64
3btl,5.96
4d2t,6.0
4dwg,7.24
1yvf,7.0
3dkg,5.0
1vru,7.0
2i0g,9.72
4oue,3.3
2y68,3.6
3eq7,9.09
5ddc,7.04
4jxv,4.51
1kr3,5.0
5vsd,7.24
3ogp,7.44
2jk7,7.17
2f71,5.6
4fxy,7.54
5qaw,3.4
4e8w,6.09
4zxy,6.4
2yoh,4.96
3n1w,3.3
4o24,4.3
6fym,5.07
2qwg,3.64
5whc,4.92
6h9v,0.66
5vee,6.11
4q3q,5.89
1lt5,2.7
1x6u,3.22
5jqb,2.22
5alm,6.53
5n69,6.54
4gfd,9.48
1swp,11.0
5akz,5.26
4p2t,5.43
4f8h,4.24
5yfz,6.96
1ek1,7.77
4ght,5.78
5ctb,7.64
3uph,7.82
4ovz,6.31
5trr,7.39
5enj,2.3
2qtu,9.28
4wq3,7.0
3u7s,8.43
4oz3,4.55
2q6h,3.6
6gva,8.22
4b71,5.89
5jpt,4.6
6dgt,7.38
5f3t,3.68
5wqj,5.52
5y48,5.85
6dug,8.27
3s9z,6.22
3vhv,6.29
4c1h,4.09
5yg2,6.89
1qxz,4.72
3uih,3.92
5yjo,7.17
4cix,4.47
1jii,9.0
5ylj,3.86
3mct,4.07
5x73,6.74
5f04,4.0
2pj7,7.77
4xua,4.59
2y67,3.53
4qsw,1.68
4mm5,7.74
4mp7,5.74
5e0h,5.62
4ydq,6.52
4pis,7.22
4v25,7.08
4kzc,8.09
5zh5,5.33
4ewh,9.52
1tvr,7.48
4m3g,6.26
3wc7,8.26
4ypf,2.7
5wdw,6.54
6cwi,7.54
3dei,7.4
3bla,8.7
4ajw,5.86
4q1n,9.7
2y1o,5.09
6i74,5.47
3dek,7.57
2xbj,8.52
3ijz,5.22
4jyu,8.0
2hj4,5.37
4w4s,5.02
5agv,9.7
4umr,3.8
4c1d,5.36
2e93,6.96
1tok,2.47
6c98,4.1
6fty,2.7
3g4f,4.52
4x47,2.85
2aa9,2.92
6cdc,5.6
4tpp,8.59
1pwq,4.96
6ibx,8.7
1i48,5.7
5iep,7.0
4jck,2.37
4wi1,5.3
3qk5,7.74
5qa7,3.96
5bqg,4.76
4clz,4.37
3bgl,8.35
6f6i,3.19
1n1t,3.85
2bow,4.0
4idt,7.0
6n7z,5.55
1br5,2.7
6mq3,8.77
4a9n,5.82
5kls,6.71
2w4i,6.3
3bl9,7.18
2bv4,3.22
3ehw,4.82
5l8n,4.51
5alt,4.88
3nzc,7.02
3hr1,9.43
4eo4,6.35
4ntj,7.36
4msl,6.15
3p4q,6.52
5hbe,8.64
6gj7,6.06
1nde,7.82
3upy,5.62
3asx,7.7
1z1r,9.22
5ai5,7.03
2z52,5.57
4xm6,4.05
3wv3,7.62
6fa3,7.42
3apc,7.44
5x4n,4.17
5kde,3.89
6mrg,7.55
4ynk,8.3
2no3,8.05
4aof,7.1
2o4h,6.52
3jvk,3.93
5ovf,6.85
3kwj,9.3
6dry,9.43
3cwj,8.0
4irx,6.12
3hy5,7.7
4oho,7.77
1i41,4.57
5v6u,2.26
5abp,6.64
5ugm,5.9
6k05,6.56
6qme,4.36
4qme,6.52
4rxd,6.52
5qaf,3.51
3eio,6.65
6fzg,6.55
3i1y,8.15
3nef,5.94
5jv1,6.07
6q37,6.36
4z0u,5.7
6ahs,5.82
3zls,4.4
2lh8,4.18
6d59,7.0
5jgd,7.96
2wxl,8.34
1w84,4.46
5xii,7.12
2aq7,3.3
6fzx,8.15
6oyt,8.23
1rth,6.4
5nt4,7.77
5ml2,7.89
2e9d,5.89
5yso,7.4
4fcb,8.54
1gu1,4.52
6dgo,5.47
5a5s,5.9
5dda,5.78
4h71,4.45
4p73,7.66
1nfs,9.92
2rf2,8.44
3dgq,4.92
2zsc,7.06
5ntp,9.15
6keb,4.39
6hgx,7.11
6o68,4.99
1dth,8.22
2igy,6.95
5syn,6.62
4a9t,7.15
5fi2,7.15
6ami,4.52
5vs6,6.98
5g2n,7.03
4i7f,7.0
5ggn,3.66
4q3r,6.27
3d1g,5.0
3u8d,6.33
5zkb,8.7
5dy7,3.7
2jfh,3.06
5wg5,7.18
3dz6,7.82
6oy0,9.3
1yw7,5.85
5dts,3.55
3adu,4.14
4y64,3.1
1fe3,7.33
5jfr,8.3
6djj,4.1
3s3o,7.57
6b5j,7.1
2ww0,5.3
4j0s,6.42
5afl,3.4
2zu5,7.0
2f1a,3.14
5alj,5.56
4anu,7.68
4bdj,5.14
5zo7,9.0
2hrm,3.56
5f0c,4.0
6oy2,9.87
6ckl,3.89
2f2c,6.35
5myd,4.86
3tlh,8.82
3sn7,9.15
6q9w,6.24
4j4v,6.36
2g97,6.82
1z4u,7.15
6ar4,6.24
4b81,4.92
6afg,4.86
1rww,8.3
4ci2,6.75
4hxs,5.39
4yrt,2.78
2fl6,7.42
4z90,4.66
6oxv,10.7
6bsx,3.3
1ung,6.8
2gbi,8.52
1kfy,5.28
1eei,3.15
5ewd,3.7
6cvw,8.15
1pus,7.28
1czc,2.82
4lng,5.62
2w12,4.65
3s7b,6.3
6oi8,7.82
4j06,5.34
5ctc,6.35
4luo,3.24
6g1w,8.14
4xt9,6.8
4bty,7.7
3wig,8.64
6qxs,7.13
5ak3,5.07
6o4x,7.4
5ajv,6.24
6g6z,6.66
3h0a,7.48
5eds,5.54
3hfz,4.89
3snd,5.08
4wr8,6.23
2ygu,6.49
5uqv,6.37
5ieo,7.0
1rm8,9.0
5ihc,7.89
5ajw,6.98
4b84,4.66
3nc9,6.48
6b3v,9.69
1ros,8.77
4gv8,6.49
3i28,8.22
3oyl,6.7
5e0j,5.21
4y83,7.77
3bc4,5.35
4n7j,5.47
6bjo,6.29
2qcg,4.0
2ea4,7.34
1i43,3.7
5hg1,5.2
3l16,7.48
2be2,8.7
6pka,5.92
3c8e,4.15
4j08,6.66
3c6u,8.87
5t5g,5.89
1rsi,4.42
5alh,7.07
4xsx,5.0
3doz,5.7
3rv9,4.92
2cma,6.73
5up0,6.34
3dp3,5.82
2g0h,7.64
3zyh,4.29
5jau,8.85
3qpn,7.77
3qip,6.89
5w19,5.3
3wzp,6.82
5gvl,7.38
4kz0,5.38
3il6,6.57
4zg6,6.33
5zh3,4.67
2fw3,6.42
3hha,7.9
1awi,4.05
4xuh,5.73
5ieg,5.74
5cdh,5.37
4tv3,8.72
5ufo,7.43
5mhp,7.82
3fr4,6.19
5eqq,8.17
1w2x,5.14
4pkr,4.82
4cae,7.74
4cik,6.43
6n4b,10.01
5ih8,6.74
5k0x,8.36
3dga,4.52
1noj,3.15
3h9k,7.85
2i7c,5.07
6g9m,8.1
4xyc,7.51
4awg,5.96
2qnx,5.62
2zxb,5.3
5m6m,7.36
5sy3,4.37
5axp,9.03
4jt9,8.14
6g9n,8.52
6pgp,7.0
3kwf,8.17
4tsx,4.99
4rxc,4.48
5kbh,6.26
4zt2,8.0
4xx3,7.25
3ejt,7.36
5hk9,6.54
1los,7.19
4o0r,7.44
4ob1,6.3
5qa9,3.64
4rxe,6.64
5ll7,5.61
4hev,6.34
6e13,6.7
1h62,4.77
2yog,4.51
2wks,6.89
1g49,7.8
1w4l,8.4
2wxh,8.05
4z7o,5.04
5arf,6.27
5yyb,6.56
6gw1,5.14
5uxm,5.44
4rsc,6.63
5n21,5.96
4wk7,7.13
6ap7,5.34
6eds,8.77
6g93,7.96
5oq4,7.6
2o3z,5.7
1lor,11.06
4e1m,7.26
6ai9,6.74
3v0p,6.28
4mvy,7.54
6mhc,6.43
3el0,7.47
1o4o,2.46
1x81,9.19
4d2w,4.51
1eef,2.92
3kme,6.14
5uuu,7.74
3ska,7.49
2rib,2.82
4dt2,4.37
5w99,4.68
3odu,8.14
4inh,6.25
5y3n,7.1
1uwb,8.34
4an2,9.05
3hnz,7.72
4hv7,3.52
5lgt,6.51
1nhv,5.66
3qj0,5.2
4xsz,5.6
2piz,6.77
4bae,8.52
6pf4,4.8
5tca,7.72
4l3p,5.92
1oy7,5.36
5y5n,5.76
3clp,3.69
4ok6,4.85
4ks3,6.37
6mdb,7.17
6hzu,8.26
1o6q,7.64
5n53,2.55
1re1,5.21
4qgg,9.0
3pty,5.44
6q92,6.1
4b14,6.22
6npf,5.85
4y38,2.4
3fcl,3.5
5vqz,6.39
3vi2,3.77
1jmi,6.06
6n3k,7.54
4hej,4.62
1ulg,4.21
5a8z,7.55
4a9u,7.22
3sl0,2.7
4fyh,4.85
6qrf,4.48
4mw7,5.0
6v1c,4.19
3d4l,7.49
3u7k,7.07
6n3z,6.59
1jr1,8.22
6bmr,4.22
2xpb,5.7
6jn5,5.15
5itd,6.58
6d4o,6.28
3bc5,8.3
6s43,5.4
6oqn,8.0
5un9,7.68
5alg,7.52
4e8y,6.09
4qgf,7.16
1sqb,7.95
4zy6,8.3
3g0g,8.3
1vkj,4.85
5ttg,7.34
3adt,4.55
5akh,6.59
2q80,4.6
6n4e,8.0
3t0m,3.94
3lgl,6.05
6mo2,6.68
1jjt,8.05
1o46,8.0
1o44,8.52
4n5g,5.0
5jy0,5.55
6r1k,5.05
4o13,7.82
2kaw,4.97
4a9i,4.9
5qas,3.72
4zg7,8.7
3gwv,2.6
4mk0,5.2
3wke,8.89
6hv0,6.56
2jj3,9.55
1k9r,3.3
4h3c,5.72
5wbr,4.77
1j5i,3.64
6e8m,6.28
4q3s,6.59
1a8i,5.52
1x7b,8.39
3k26,3.4
5wre,6.41
6u7p,11.68
2y76,6.36
2wxg,9.15
3f8w,4.08
5iu2,7.8
5ur9,6.05
5ai1,6.47
3k5i,4.7
6nzk,4.3
2bed,8.15
5ism,9.15
6k1q,7.46
5jas,5.77
3wgw,5.89
5owc,7.59
2pfy,6.52
4wwn,6.07
5g3n,7.92
1ryf,8.8
4op3,8.15
2sfp,1.7
2wxq,7.47
4ys7,9.0
5ett,6.23
6ezg,7.69
6ckx,7.89
4ge9,8.8
3v7s,7.05
1a7t,1.64
6afc,6.03
4c1e,7.14
6sze,4.1
6mmq,3.62
5a3o,4.73
1xfv,3.89
3lbz,3.86
5etk,5.82
5lca,4.48
5ls6,9.0
5qb3,4.31
3wfg,6.92
6aoy,4.97
5f1u,6.4
1s64,8.4
5w8j,6.43
5y9l,5.72
6afh,6.12
4j51,6.59
6ijh,7.17
2x38,6.89
5ywx,9.85
3oqf,7.04
4wki,8.3
5jjs,7.32
1r5h,6.74
5ove,6.35
4ktc,9.0
5mrh,4.2
1so2,9.57
1kf6,6.7
5ni8,7.7
5k00,8.15
1wug,5.8
3ur0,7.15
5qau,4.15
5vqw,5.7
2on3,9.0
5alu,7.66
5eb3,1.45
4zh4,4.22
3zly,3.52
5e3g,4.3
1cqp,5.62
5v5e,5.52
3qaq,7.0
4og8,7.25
5dp9,6.08
4z22,6.24
4mjq,3.71
3k22,7.9
1w76,6.15
4jc1,4.3
5vex,4.63
3ps6,7.74
3e37,5.39
4wxi,8.08
4y6m,7.15
5ael,7.41
5lch,4.69
3ern,1.72
3wk6,5.2
6ck3,7.35
5c84,6.19
4hbx,5.72
2jdk,6.54
6s7s,4.77
5am3,8.3
3voz,6.85
4ojq,3.3
4x3t,4.54
4jit,6.64
6ajh,6.54
6hf5,5.17
5oqw,7.4
4oow,5.37
2pj9,7.92
2f6v,4.43
4pd6,4.44
6qwi,4.29
5dyw,8.31
2pj2,7.92
5zun,9.19
4lts,8.36
4avt,8.06
5khk,6.39
1nnb,5.0
2phb,9.49
6qzb,6.47
6os6,5.96
1w82,6.71
4o0t,5.54
5kzq,8.28
4xtp,4.26
5tyr,9.59
6nj0,6.61
2wtd,6.68
5afj,4.38
1fpy,6.0
2w6q,4.6
5ncz,9.1
4fjz,6.29
4xjt,5.14
3co9,8.0
2wxf,6.74
3kb3,6.82
5jr6,4.69
2hai,6.28
5djv,7.11
5fiv,7.66
3s1g,5.19
4k3m,3.55
4ycv,5.82
2o7e,6.22
3ccb,4.52
3rik,2.47
5fi7,7.4
3i7g,6.37
4kqq,3.9
2ay2,1.88
4qsx,1.74
220l,3.4
1utr,8.0
1lfo,6.7
2iit,8.59
4b82,4.39
2rjs,2.28
6h1h,6.17
6h7l,8.97
3kqw,4.01
4heu,10.01
4nrt,6.0
9icd,3.9
5oxg,5.89
3i0s,9.0
6buv,4.74
3shj,7.47
5tqu,7.6
3sb0,5.26
4kz8,2.8
1tcw,6.02
3ehn,1.92
6myn,7.85
1yys,6.33
6dim,2.14
5khj,3.74
4bdt,8.96
5h17,6.05
4hxr,5.39
6iil,6.17
3hf6,7.59
3lc5,6.57
4ap0,8.0
3eor,1.4
5v8p,4.99
5nvy,6.12
5i5z,9.05
6oht,6.45
4aa1,4.12
5mb1,6.6
3qar,6.49
1u3r,8.3
4u82,5.72
2lk1,4.09
6gin,7.49
5u3b,8.82
6r7d,8.62
2vle,7.1
2f70,4.47
5tyh,2.08
1gx4,4.28
5uv5,7.7
4l02,7.7
5lz8,6.01
6r0s,4.4
2i0j,8.57
3v7c,5.74
6tl2,5.44
4cku,6.82
3g8e,5.35
6d8v,5.42
3th8,6.25
3fpd,6.15
3bt9,5.71
1nq0,10.32
5un1,5.8
5ue4,6.36
4dzw,7.89
5t2t,6.29
1g5f,2.64
1ahy,3.36
5lgn,5.54
4mk1,4.8
3f81,7.13
2zv2,6.3
3az9,6.0
2gg3,6.24
4r0i,6.52
3tcp,8.37
3bxs,5.1
5o7e,8.0
2v6n,5.86
4kai,7.3
4tww,4.2
4g3g,8.43
3sl1,3.59
5ais,6.24
6npp,6.05
2e99,6.16
5h4j,6.89
3fcf,4.4
5xij,7.3
6b5i,5.96
1rdj,1.66
5l2t,6.19
3vjm,9.43
3g72,9.1
5ovi,7.68
5wfz,8.0
6hx8,5.89
4l52,8.4
6hlz,7.33
4kn2,7.27
5lcf,4.75
3dng,8.13
4uwh,8.52
1tuf,4.05
5kww,8.13
2wcg,6.38
5egs,6.01
6m7h,4.7
4o5b,8.3
3wcf,7.28
4gz3,5.74
5a8y,9.77
6r1c,4.92
1i7i,6.7
3i7i,6.21
6oim,7.05
4gw6,6.2
5b5o,5.72
6fut,4.7
4dhr,4.57
4yvz,5.52
5wkm,5.12
2vl1,1.35
2toh,4.15
4cts,5.0
5ngb,7.72
4x1f,7.97
5tg1,5.82
5d4a,5.85
1npa,8.7
3mks,5.72
4v0i,6.33
3c1n,5.5
5uey,8.29
5epy,7.4
4bbh,7.1
3r7b,6.15
6qz6,6.49
2a5u,8.1
2fix,6.24
5hn7,3.92
3rey,8.0
2p8s,7.68
1oiu,6.68
3tyv,8.1
1dzp,5.44
6npm,3.96
4jnc,8.52
3dpd,5.78
3deh,6.83
5o0s,4.24
5i83,5.39
4f7j,5.24
4gtp,7.94
6hgv,5.55
5f2f,6.92
6qmu,5.32
6ck6,9.0
6cer,5.36
13gs,4.62
4y2u,3.24
4ir6,6.08
2o9r,1.68
6nel,7.96
3zlx,3.8
4k60,3.24
4b80,4.4
3zt1,2.7
2k46,4.58
5l96,3.3
3gwu,4.71
5hip,6.05
1w2k,6.46
6dhu,3.13
6fnx,4.9
1yyr,6.29
2rjp,7.0
2fky,8.59
3k39,8.08
4kza,3.7
2c6c,7.52
1b9v,3.65
5csd,7.89
1fsg,5.02
4awm,5.72
5ku9,5.83
1z3j,8.0
5ggj,1.75
5v84,6.7
6rj5,6.52
3n1v,3.3
2cm8,5.87
3o9v,7.74
1b9t,5.1
5m7t,5.41
2yc3,6.85
5odu,3.28
3ant,8.07
4f9v,6.03
5kau,6.52
2fie,5.46
2pmn,5.2
3jzi,5.3
5i8p,6.73
6bee,4.66
6e3n,8.7
6fh6,3.0
4uib,9.0
3wff,6.18
6enm,8.32
2j83,4.21
6n77,9.24
4p74,5.0
4hwr,6.74
1rdt,6.7
4mvx,7.24
6aqq,6.55
1l2s,4.59
6oyw,8.4
4zyw,7.17
2xpa,5.39
5ccm,8.4
4bic,7.3
5yjk,6.09
5etv,6.24
1gx0,4.22
4puj,7.46
4awf,5.57
6nyw,6.64
4aaw,6.3
5hh6,6.4
5w2q,6.88
5tqe,6.72
6b1c,6.95
5g1n,7.77
2xp4,3.74
2yiu,6.89
2upj,7.39
2vpp,6.12
1c9d,6.3
5uig,7.95
5vqs,5.7
5gn6,6.92
3adv,3.03
3dz2,4.15
5dw1,7.1
4qtn,6.85
3t6y,5.52
5j59,7.3
2nnq,8.7
5yqo,6.09
2ate,7.07
4i11,4.57
6cjh,5.42
4btb,5.01
5t2m,9.2
2imd,8.3
5f0h,4.48
4yv2,7.29
3fej,6.13
5t4h,8.03
6rmf,8.0
3az8,6.0
5du8,5.72
2ooz,5.15
5qax,3.8
2gmx,7.11
6dl9,6.0
2aeb,8.3
4fmu,6.44
5v5d,5.27
6agt,8.4
2j7w,6.66
6nyh,7.68
4e1n,7.17
6iyw,7.23
3v04,7.89
4wmy,7.07
3hac,8.17
2ax6,7.57
1ih0,5.0
3eq9,7.39
2x7x,5.7
1zxc,8.1
4og7,6.94
5v41,6.15
5yls,5.29
4ye3,8.37
5nqe,6.15
4xjs,7.12
3nsq,5.21
3p2h,5.44
2ica,7.7
2hny,5.93
1mcz,3.0
6e2m,5.66
3lc3,5.23
1eve,8.24
3bl7,8.4
3dy6,6.9
3wax,7.89
1pun,7.28
6ocz,8.52
1vcj,4.59
3g9e,7.72
5idn,8.59
2pt9,4.46
2ql7,6.26
3oaw,8.15
5wg8,5.74
6gmx,2.17
4kjv,7.74
6oir,7.77
5nb7,8.22
6hb7,6.83
2xel,3.9
3tdc,8.27
2ew6,4.97
6oio,6.54
4o0v,8.48
3pkc,6.02
5g1p,5.2
4bbg,8.32
1oiq,5.54
3g42,6.85
6fv2,4.3
3i6m,6.46
3kai,5.41
5tbp,5.18
4yat,5.03
2bjm,3.7
5wb3,7.22
4qnu,6.4
3ksq,9.42
6pml,3.09
6nze,8.89
5yto,4.48
4qkx,7.07
5kgw,4.79
2bmz,3.7
1gqs,6.3
1hqg,3.0
4ark,7.2
3vws,3.65
5c85,3.98
4iti,6.36
3o64,9.4
4hxm,6.1
3f35,3.16
5sxk,4.7
3o8h,6.24
4lnf,2.62
4ee0,8.63
2h03,7.05
1dtt,8.3
6j0k,5.64
3ew2,6.67
5twz,7.87
5k51,4.8
3hqw,7.46
4b6f,3.3
6eb1,5.33
3dxm,6.0
1yc5,3.0
6nzp,9.7
1a5h,6.3
5idp,7.35
6oah,5.82
5hh5,6.3
2ima,6.52
1jtq,8.07
2jdh,6.51
2xp8,4.82
2ay9,2.16
4anx,7.74
5d7x,4.82
4kbi,7.49
2xg5,4.66
6jno,6.63
6h7d,5.49
5ovg,6.4
1jlq,8.15
2ha7,3.36
6oxp,11.0
4yoi,6.48
6ckc,8.22
2ael,6.29
3orn,9.62
6q74,8.2
2a2g,7.0
1i80,6.41
4cgj,2.84
3kac,3.13
4tyo,7.1
4y6r,5.48
3bqn,8.6
5hkb,5.59
1npv,8.24
2csm,4.3
4wz8,7.21
5u8f,7.96
5zwe,8.96
5edi,9.52
5y0f,6.68
1b42,4.01
2fvc,7.49
6cn6,8.3
1g3m,10.0
3mag,4.07
1sqq,7.82
2z4b,9.36
3omm,7.43
4ciz,7.29
3l7g,3.3
4ifh,5.21
5ura,6.4
1ws5,3.03
4lq9,4.85
5qb0,3.8
4lys,4.34
5ali,7.07
6bib,5.8
3d5m,8.0
6duh,7.42
3g76,6.64
3qcj,6.3
3ig1,6.14
2f01,13.0
5iv4,5.48
5ar7,6.49
4ohk,8.3
4pl6,3.1
5xqx,6.39
5fb7,7.89
3nif,5.1
4gui,3.64
5ien,6.52
1r5n,5.42
4kql,8.77
4x6k,5.31
4h4m,8.52
1ikw,8.6
2cbs,8.22
5qav,4.15
3r8i,5.35
3d28,5.85
6b7d,4.28
5uor,8.2
1xuo,7.16
4auy,7.74
3m2u,7.0
6rna,8.3
6fg6,3.4
6n3n,8.74
4lnw,7.04
6poq,2.57
5lsy,6.54
5o0b,4.18
5vsc,6.29
3dst,9.08
3uzc,9.61
4dgb,3.89
6oxq,11.3
2wxm,7.4
4c1g,5.14
3u7m,7.45
2gg9,5.46
3gwx,5.4
3drs,9.3
3vw9,7.96
4nan,4.72
3b1u,5.72
4e5i,5.3
4x8t,2.05
1o4h,2.44
3dx0,7.44
5xms,8.14
2gg0,5.77
4u5v,3.05
2qcf,3.49
4zh2,5.0
4ynd,8.55
6irt,3.81
5fi6,7.52
3bi0,7.85
6jut,8.68
4rse,6.4
2p1c,7.68
2cn8,5.46
2z3z,4.31
2vex,6.74
4ega,7.19
3eka,3.0
5kjm,7.19
4ql8,9.15
6mhd,7.29
1sri,6.08
2jbl,5.89
4nrl,8.62
4mz4,7.89
1t49,4.66
5duf,5.74
6me3,9.38
6pm9,8.1
5q0e,9.16
4dpu,7.3
6qyk,5.55
5u8a,7.89
4w9s,6.82
1tl1,6.42
1h35,7.54
5a0a,7.7
2w54,6.98
4bib,6.6
5aes,2.89
4hiq,8.21
4d1a,4.72
5ka3,4.59
3qk0,8.7
2aqb,3.3
2vcg,5.77
5qaq,3.54
4gj9,3.3
3g6z,9.7
4dwb,5.74
3v66,8.89
2ovx,8.7
6es0,5.65
2i5j,6.3
5cte,7.8
1nnu,6.82
2qe5,5.79
5w7u,8.05
1o6h,6.73
4yk5,7.64
1x9d,3.96
4ju6,6.17
5eue,6.77
4mw9,7.02
1jut,7.32
5vrp,8.89
4xkb,6.1
3ldw,7.97
6g1v,7.23
5kjk,7.92
5vil,8.82
4oyb,5.8
1c8v,6.33
1apb,5.82
6gi6,6.71
5qag,3.7
5afx,5.92
4ez5,6.52
2poq,4.42
1qon,8.96
5may,6.48
4iks,5.14
4o43,4.3
4jvq,6.2
4hy5,8.89
4k43,6.88
5fpp,4.0
1d1p,3.6
1gzv,6.57
3mww,7.24
5zyj,7.21
4wpn,6.68
2qcm,3.35
4ikr,6.23
5eie,7.64
3v1r,7.68
1fax,7.39
6qyn,7.62
6p8y,6.2
2w87,4.65
4oo9,9.07
5c2e,8.7
5d1u,5.96
3eml,8.74
3irx,9.0
6e3o,8.7
2gc8,5.51
3kjq,5.88
4yrs,3.07
5t2y,5.66
6n55,7.87
4f6s,5.49
5jmx,5.09
3iny,3.66
3hdn,7.2
3gz9,8.4
6i0p,4.4
1tv6,5.4
6ez6,7.4
1nhg,7.3
6eb2,6.32
5ukm,7.52
5ek0,7.68
5gn9,7.05
5vse,5.97
6qae,8.52
5qj3,7.62
1i33,4.12
2br6,2.96
3phe,7.8
5mym,5.41
4pov,8.28
4pkv,5.25
5ukl,6.2
6msa,7.08
4zt5,8.0
6r8p,4.48
6hcw,6.89
5sz9,4.42
5dxu,8.4
3o9c,12.05
5ubt,8.62
6ajg,5.78
1rs2,4.3
3zj8,3.9
1tsv,4.8
1lhv,8.91
5ntw,9.22
5ypp,4.64
1ing,2.0
4ac3,3.96
3oc0,6.28
5wdc,6.4
5kew,6.5
5awj,9.68
1n9m,10.96
5k48,6.6
6dzy,5.52
2who,7.7
1w70,3.7
5f3z,4.54
2jg8,6.3
1inh,2.3
6fi1,2.15
2c4w,4.7
4ijl,3.87
5zxk,5.48
5ah2,10.08
3uf9,2.11
6r0u,4.4
5owf,5.8
4gj8,3.3
2xm8,6.8
5xaf,5.77
4jg6,6.44
5ifu,4.47
3h59,7.89
2wva,10.7
1e00,6.1
5e3d,4.02
4y2p,2.66
1xnx,6.38
1tc1,2.7
3sgx,5.49
6dyo,4.49
3qcf,5.6
4oq5,6.3
2ay8,2.24
5wys,6.7
4yfi,6.3
2i1r,5.01
5t6g,5.96
5mob,4.05
1oit,8.52
5a0b,8.3
1a0t,1.3
5f91,5.2
4pda,4.21
1pq3,7.52
5q0d,9.0
4ty9,2.05
5k8n,6.32
2azb,7.19
5em3,3.7
6ps4,9.89
4bid,8.1
6msc,7.68
4anw,7.74
6g97,8.38
2ycr,7.16
3dp1,5.0
4aua,5.14
5kdf,3.27
5k0i,8.7
5qab,3.65
6afd,5.43
5lqq,7.09
6dgy,11.3
4og5,6.52
1yy4,8.6
3aig,6.0
6duf,8.14
5e5g,3.15
4jr5,8.15
6aa5,7.28
4du8,5.37
5akl,7.07
5am2,5.01
6bxy,8.05
3btj,5.62
3vrt,8.57
4msu,5.85
4ge4,8.11
5wbz,6.41
5x9p,6.89
1ctr,6.0
2y77,6.6
5ggl,1.78
5ngf,5.11
6fu5,7.5
6en6,7.94
4wag,7.08
2jbj,9.7
3vjl,8.25
3sdg,5.55
2qft,5.26
3khj,7.55
6q7v,5.59
4j3j,7.51
6djd,2.14
4gs8,7.0
4gja,5.92
5myl,5.0
4mqp,4.98
6a6k,7.46
6drg,6.92
4nrb,4.42
5vfd,6.44
3oob,4.67
6bid,5.54
4m5g,5.01
4mm4,6.37
5nfh,7.74
2w6o,4.22
4lwc,6.72
5l2m,6.89
4ff8,6.4
4ycl,8.15
6rj3,6.4
1u3q,8.46
5gn5,6.98
2o5d,5.15
4e5j,4.73
5jga,8.64
6awn,9.2
3d2t,7.12
6ode,8.1
4dpy,5.37
6saf,6.64
3q7j,4.52
4d2d,3.47
4obv,0.75
5mw2,8.52
3ara,6.49
6g6y,6.66
3r7n,6.15
3q6k,8.37
3otf,6.08
5am5,5.74
3jzb,9.01
6hcu,7.82
3v01,7.6
5y0z,6.34
4ith,6.5
4ncg,7.96
2gz7,6.52
6dh3,11.3
6awp,7.16
4ph4,7.74
2g1r,7.7
6eox,6.85
5am0,5.88
5wzv,6.68
5mts,7.15
4uwk,9.0
4rxa,5.74
3pwh,8.72
6gxy,5.24
5ypw,4.64
3t03,6.8
2w6m,4.67
4zt4,8.0
1gt1,6.0
2uvm,7.1
4anv,6.36
3hhk,8.22
3mj5,6.49
3q0z,7.7
4dk5,8.4
6au2,2.3
4fcd,9.55
6rn7,7.3
5wep,6.36
6o1g,9.0
4a4h,2.77
1bzf,8.3
4ah9,2.46
3way,7.66
6me5,8.78
5n55,5.99
5myr,4.66
3kqy,4.82
5w8i,6.82
3wkb,4.21
6f6s,2.89
6p3u,7.02
5lm4,3.88
4ryg,8.1
3v49,8.02
1al7,7.8
2qfu,4.18
1tsm,6.0
6hs4,5.51
4d2v,7.43
4po0,6.92
6fo9,7.75
6ic7,7.11
1u32,7.01
4kxl,6.22
1q1m,5.16
1cx9,6.75
2ckm,8.82
6byz,8.37
1h61,4.89
6au9,5.96
6f5h,7.05
5v7t,6.21
6h7f,6.12
1jje,8.43
1c3i,5.8
5icp,8.42
1gnj,7.04
5zwi,8.64
4od0,9.04
1iyl,9.0
1i00,6.34
5he3,6.55
5w4v,7.15
6jib,5.8
5afk,3.88
5jcb,4.21
2r6w,9.36
3lxg,8.14
6ke0,7.55
4amw,1.55
5iu4,9.28
4hzz,8.08
3wt7,8.75
5dk4,8.7
1rt2,8.22
2hvx,7.54
2zas,7.86
1v2h,5.3
2q2z,8.7
2q8s,6.73
3qai,8.1
4ucs,4.21
4lrh,9.72
4g31,9.4
4myh,4.64
5u6d,8.59
2ieh,6.96
5m1z,4.18
6e3s,6.78
4f7n,7.1
5eif,2.55
6mbp,5.95
3p4w,4.57
2hb9,4.82
5wj6,7.57
5drq,10.92
5qa6,3.76
5jbi,6.92
4b0j,2.15
4tn2,6.92
4oq6,5.48
6oxx,10.01
3dp2,5.82
4o1b,6.41
4kqr,3.9
1o41,3.05
2g8r,3.99
3e9b,5.35
2x24,6.48
4c70,3.52
5he1,6.55
1rry,4.1
2xct,4.51
5vqr,5.92
1ni1,9.05
3ril,3.84
5urj,5.28
6cck,7.43
4dho,3.93
2x5o,4.07
3i4a,4.28
1tog,3.22
3dpf,7.24
6esm,5.53
4p7s,7.42
6gmq,2.3
4x6y,7.72
3ws8,6.68
5tpg,7.85
1h39,6.54
4yqm,7.51
2k2g,8.12
1oq5,7.68
3vtb,9.3
3rx8,6.21
2an5,5.68
5t2g,8.1
2ony,6.68
3zxe,3.35
3vye,8.11
4hso,4.66
5ugd,6.62
1o4e,3.3
4jv8,5.85
4ju7,6.17
6s88,6.17
1fo3,6.7
6ety,8.05
6oac,7.95
2gtk,6.6
5w4r,7.48
4alg,6.3
4b83,5.15
6hkx,9.34
5wef,6.44
5gic,6.48
5myg,7.51
4azp,5.9
3rz3,5.76
4b85,4.06
2gfj,3.82
1sbr,5.0
3tfv,7.1
6c2y,6.6
1ugy,3.72
2ilp,4.82
6ffn,8.22
2c1q,13.0
2f6y,3.87
5epr,4.04
6nao,6.7
1gym,2.7
6qmt,6.92
4glx,7.8
4qfs,6.05
3pz1,6.14
4yv0,3.28
2gz8,5.52
1g6s,5.15
6cb5,5.37
2h02,6.49
5f41,4.17
6aff,5.41
5dro,10.59
5lbq,5.11
3tl5,7.85
4x2i,6.46
1rwq,10.0
1nl4,9.41
6oin,6.0
4f1q,4.95
2xcg,8.05
4kiw,5.12
5wip,4.71
4ay5,6.27
1inf,5.0
6p3p,6.84
5kbr,6.59
5t2i,8.7
5tuq,6.35
3zlw,3.7
5ji6,7.96
5j5d,4.68
4xnv,6.79
6ew3,7.4
6fo8,7.74
6e2o,8.54
1noi,3.15
6nnr,5.07
4bfy,6.92
4zud,8.16
3p76,8.68
5xpp,7.44
2qtb,8.32
3p8h,5.3
6h7n,8.46
4gjb,4.0
6afr,7.15
6ccs,3.64
5u5k,4.02
3zrc,5.27
5nzq,2.03
2vey,7.37
6pgo,4.7
6n69,4.3
6ffh,6.34
4flk,5.25
6oxw,10.55
1njb,5.8
4kc1,2.91
2vtd,4.07
3drr,9.4
3sni,7.96
5khh,4.31
4y2s,4.28
5hx6,8.0
2veu,7.0
1r4w,4.05
4pf3,7.29
2xgm,3.0
3feg,4.35
1tou,6.0
4wwo,7.42
3pkb,6.21
3wk8,4.31
5ts0,7.8
2psj,7.7
3h5u,8.52
5joh,5.96
5o5h,4.12
3lpt,4.91
6mju,7.56
4fll,5.29
5jao,4.0
4kww,5.55
2c6n,6.88
2wpa,8.1
4k5z,3.0
2w70,4.92
5jq9,4.65
3kqm,3.77
4mma,6.04
6gfy,6.61
1ezf,7.25
6ccl,3.56
5el2,4.47
1kz8,6.08
5k13,8.74
3neg,5.94
4mm6,6.69
7abp,6.46
4c73,4.92
3l9h,8.1
2g70,7.77
6qab,8.21
5hgq,7.34
1sqc,6.85
5eiw,2.05
5mat,6.24
1n2v,4.08
4oar,10.42
6clv,4.88
5y0x,5.11
5mwa,6.82
3lgp,8.7
6rz6,8.54
5yhl,7.74
4m3d,5.41
1w0y,6.42
1ppx,7.28
6ibl,9.31
3tyq,8.3
5nar,6.3
2qo1,5.57
4lsj,9.57
3sgv,4.46
4zjc,8.96
5t37,6.62
3so9,8.56
4kzb,2.89
3bhx,9.15
5enh,3.72
4ks2,9.34
6naf,4.26
4oyi,4.72
5ecv,6.77
6cvy,8.41
4k9g,5.82
4qhc,6.7
6aa4,6.33
2uuo,3.77
4mu7,8.85
4y2j,3.1
6e3g,7.36
6g91,5.49
5knt,4.43
2gm1,7.0
4kot,5.46
6dlx,3.32
4civ,4.95
3u4r,7.41
2vi5,3.96
6af9,5.49
5ea6,7.41
1e06,5.6
3ia6,8.52
1rev,7.48
2oyl,6.3
6ffi,8.1
6n3o,8.62
4mpc,6.15
6r5f,7.7
5lhi,8.11
5lhg,5.6
1n95,8.92
3mmr,4.96
5oxn,1.96
5vkf,4.77
5u6c,10.3
6ekn,6.29
5yg3,7.85
5d1s,5.02
2o9j,6.92
3rv6,4.68
3f36,2.89
1h3b,6.85
4ok5,4.51
1sqi,7.7
6prc,4.77
5ni0,5.74
3zlk,5.88
2wxj,9.0
1d8f,7.74
1mzs,5.15
5qaa,3.91
3qce,5.6
3sjo,5.78
6cms,5.82
4dwk,6.22
5dri,7.7
4e28,5.89
4wn1,8.29
4fqo,5.16
6qgk,6.7
6pf5,4.96
6a93,8.16
4fli,5.44
6b7f,3.87
6rln,8.2
4bdh,4.11
3fal,6.78
4iqu,6.24
4us4,5.32
5u69,6.22
2ozr,9.17
2wyi,4.74
4pul,6.84
1tys,5.49
6iby,7.82
5nwz,9.1
6cj5,5.19
2f89,6.48
5h15,5.8
3dxh,3.19
4g0k,5.37
5ye7,5.46
2hdq,1.4
1b6m,8.4
3qj9,7.0
4yw6,7.08
6mo5,9.52
4zz0,7.0
6fap,2.15
6j8q,5.57
6c8x,12.3
1jiz,8.7
5a5v,7.48
5l13,6.96
1bim,8.92
4op1,6.89
5o3q,5.68
1t48,3.46
1p5e,4.81
4egi,3.82
4jze,8.15
4crj,5.96
4wkc,12.68
5wzu,7.0
6gbx,7.7
3pke,3.6
3ie3,6.68
6i0k,4.89
4f7l,8.0
4y2t,3.82
5ai9,6.61
6n82,5.96
3d04,6.05
2ew5,5.9
5aix,7.92
2evm,6.16
2jc0,4.7
6qrg,5.0
4yl3,8.15
5axq,10.1
4tpk,8.57
2c4f,7.7
5hex,8.0
5muc,6.04
5t8q,4.16
5cuq,5.92
6qzh,8.52
4ie2,5.35
4h4d,6.82
6bmv,4.68
5jnn,5.35
3kdu,6.46
6fnt,4.68
4j4n,6.88
1swn,12.0
6qz7,6.49
6os5,5.36
6p12,5.95
2xo8,4.33
5c20,6.41
4uco,7.0
3dkf,8.57
4ycu,5.48
4obo,7.11
3ho2,6.95
2ydf,7.66
6pyr,9.0
3doy,5.82
4njd,4.84
3dkj,5.7
6pvy,3.19
1nok,3.15
2w0s,3.3
3dp0,5.85
3jzc,8.53
5l98,3.31
5ncy,9.4
4cfx,5.06
6a80,5.9
1x70,7.74
2y6c,5.0
3mkn,4.12
5y0g,6.7
1vyq,5.3
4waf,5.0
6hkj,9.0
6f5m,6.3
1iup,2.54
4re3,8.57
2pjl,6.72
5jc1,6.82
4nq6,4.28
6fam,4.01
6cho,6.78
4dds,5.01
5ow8,5.16
1b74,1.3
4x8g,6.0
5i4o,7.28
5ye9,6.45
4lk6,5.2
6n48,5.92
3dnj,6.82
5x33,8.49
2eg7,5.89
2nww,5.48
3wix,6.27
5web,8.0
5o9h,6.62
5hmy,6.3
2y6d,7.1
5jo0,7.3
4whr,4.12
4jnj,9.07
4wmx,4.85
4p7m,7.41
1biw,6.98
2oz6,5.26
1evh,3.22
2jsd,7.77
3wk5,4.82
1ek2,8.2
2z4y,6.15
4wke,8.1
5tuy,6.35
4or0,7.46
4mw4,6.5
1oir,7.49
3ik1,4.85
4qga,7.92
4wri,9.01
6oxy,9.55
5zjf,4.54
6ic0,7.66
6f7c,5.9
4b7z,4.31
5di1,7.68
3kad,5.12
6pnm,5.17
3sji,5.69
6mod,9.15
3drp,9.7
5f27,4.0
5nge,7.19
5t4b,9.38
2ay4,2.91
4ohp,7.46
5w73,6.3
4yih,4.66
6nzh,8.8
4zyz,7.17
2hds,2.0
1hgj,1.66
4o44,7.85
6c42,8.21
5aic,4.3
2hr6,4.82
6plg,7.82
6dnp,5.18
6p8z,4.7
5j5t,6.96
3lkh,6.1
4nyi,3.06
4cft,4.95
6c0n,8.37
5hk2,8.59
5aip,2.82
5etm,5.41
4uwl,8.57
6cbh,6.29
5try,7.8
3dz5,8.15
2oc4,7.07
1ysg,3.52
5jan,3.01
5i4v,8.52
2onb,5.57
4lbp,4.94
6ccm,5.25
4nym,3.55
5y7j,7.29
2e9a,6.04
3ddu,7.4
3hjo,6.52
6nzq,9.52
6kdz,8.54
5l2i,7.4
4s3e,6.11
2pgj,3.59
5zo9,8.2
3kbz,6.91
5tcc,5.66
6bo6,7.1
3wqm,6.25
5vsb,5.12
6aao,2.11
5zty,10.12
2yof,4.6
3ess,6.39
1ocn,6.39
5etq,6.48
6ocw,8.15
6pya,6.82
5lz9,6.92
4k2y,3.33
5w2p,6.88
4re9,4.92
1hgi,2.68
